UIC_Query,URL,Заглавие (Статус),Състояние към дата,ЕИК/ПИК,Фирмено дело,Фирма/Наименование,Правна форма,Държава,Област и Община,Населено място,Адрес,Предмет на дейност,Физическо лице,Other_Data
000000178,https://portal.registryagency.bg/CR/Reports/ActiveConditionTabResult?uic=000000178,"""ДЪРЖАВНО ГОРСКО СТОПАНСТВО БЛАГОЕВГРАД"" ДП - Заличен търговец/ЮЛНЦ",20.08.2026г.,,,,,,,,,,,"{""27. Заличаване на търговеца/ЮЛНЦ"": ""Заличен търговец/ЮЛНЦ""}"
000000185,https://portal.registryagency.bg/CR/Reports/ActiveConditionTabResult?uic=000000185,"""ДЪРЖАВНО ГОРСКО СТОПАНСТВО - ДОБРИНИЩЕ"" ДП - Заличен търговец/ЮЛНЦ",20.08.2026г.,,,,,,,,,,,"{""27. Заличаване на търговеца/ЮЛНЦ"": ""Заличен търговец/ЮЛНЦ""}"
000000203,https://portal.registryagency.bg/CR/Reports/ActiveConditionTabResult?uic=000000203,"""Държавно горско стопанство - Белица"" ДП - Заличен търговец/ЮЛНЦ",20.08.2026г.,,,,,,,,,,,"{""27. Заличаване на търговеца/ЮЛНЦ"": ""Заличен търговец/ЮЛНЦ""}"
000000210,https://portal.registryagency.bg/CR/Reports/ActiveConditionTabResult?uic=000000210,"""ДЪРЖАВНО ГОРСКО СТОПАНСТВО - ГЪРМЕН ДП"" ДП - Заличен търговец/ЮЛНЦ",20.08.2026г.,,,,,,,,,,,"{""27. Заличаване на търговеца/ЮЛНЦ"": ""Заличен търговец/ЮЛНЦ""}"
000000228,https://portal.registryagency.bg/CR/Reports/ActiveConditionTabResult?uic=000000228,"""ДЪРЖАВНО ГОРСКО СТОПАНСТВО - МЕСТА"" ДП - Заличен търговец/ЮЛНЦ",20.08.2026г.,,,,,,,,,,,"{""27. Заличаване на търговеца/ЮЛНЦ"": ""Заличен търговец/ЮЛНЦ""}"
000000235,https://portal.registryagency.bg/CR/Reports/ActiveConditionTabResult?uic=000000235,"""ДЪРЖАВНО ГОРСКО СТОПАНСТВО - ГОЦЕ ДЕЛЧЕВ"" ДП - Заличен търговец/ЮЛНЦ",20.08.2026г.,,,,,,,,,,,"{""27. Заличаване на търговеца/ЮЛНЦ"": ""Заличен търговец/ЮЛНЦ""}"
000000242,https://portal.registryagency.bg/CR/Reports/ActiveConditionTabResult?uic=000000242,"""ДЪРЖАВНО ГОРСКО СТОПАНСТВО ЕЛЕШНИЦА"" ДП - Заличен търговец/ЮЛНЦ",20.08.2026г.,,,,,,,,,,,"{""27. Заличаване на търговеца/ЮЛНЦ"": ""Заличен търговец/ЮЛНЦ""}"
000000252,https://portal.registryagency.bg/CR/Reports/ActiveConditionTabResult?uic=000000252,"""ДЪРЖАВНО ГОРСКО СТОПАНСТВО - ПЕТРИЧ"" ДП - Заличен търговец/ЮЛНЦ",20.08.2026г.,,,,,,,,,,,"{""27. Заличаване на търговеца/ЮЛНЦ"": ""Заличен търговец/ЮЛНЦ""}"
000000267,https://portal.registryagency.bg/CR/Reports/ActiveConditionTabResult?uic=000000267,"""ДЪРЖАВНО ГОРСКО СТОПАНСТВО- КРЕСНА"" ДП - Заличен търговец/ЮЛНЦ",20.08.2026г.,,,,,,,,,,,"{""27. Заличаване на търговеца/ЮЛНЦ"": ""Заличен търговец/ЮЛНЦ""}"
000000281,https://portal.registryagency.bg/CR/Reports/ActiveConditionTabResult?uic=000000281,"""ДЪРЖАВНО ЛОВНО СТОПАНСТВО ""ДИКЧАН"""" ДП - Заличен търговец/ЮЛНЦ",20.08.2026г.,,,,,,,,,,,"{""27. Заличаване на търговеца/ЮЛНЦ"": ""Заличен търговец/ЮЛНЦ""}"
000000299,https://portal.registryagency.bg/CR/Reports/ActiveConditionTabResult?uic=000000299,"""ДЪРЖАВНО ГОРСКО СТОПАНСТВО САНДАНСКИ"" ДП - Заличен търговец/ЮЛНЦ",20.08.2026г.,,,,,,,,,,,"{""27. Заличаване на търговеца/ЮЛНЦ"": ""Заличен търговец/ЮЛНЦ""}"
000000305,https://portal.registryagency.bg/CR/Reports/ActiveConditionTabResult?uic=000000305,"""ДЪРЖАВНО ГОРСКО СТОПАНСТВО - СИМИТЛИ"" ДП - Заличен търговец/ЮЛНЦ",20.08.2026г.,,,,,,,,,,,"{""27. Заличаване на търговеца/ЮЛНЦ"": ""Заличен търговец/ЮЛНЦ""}"
000000317,https://portal.registryagency.bg/CR/Reports/ActiveConditionTabResult?uic=000000317,"""ДЪРЖАВНО ГОРСКО СТОПАНСТВО - КАТУНЦИ"" ДП - Заличен търговец/ЮЛНЦ",20.08.2026г.,,,,,,,,,,,"{""27. Заличаване на търговеца/ЮЛНЦ"": ""Заличен търговец/ЮЛНЦ""}"
000000324,https://portal.registryagency.bg/CR/Reports/ActiveConditionTabResult?uic=000000324,"""ДЪРЖАВНО ГОРСКО СТОПАНСТВО - ЯКОРУДА"" ДП - Заличен търговец/ЮЛНЦ",20.08.2026г.,,,,,,,,,,,"{""27. Заличаване на търговеца/ЮЛНЦ"": ""Заличен търговец/ЮЛНЦ""}"
000000349,https://portal.registryagency.bg/CR/Reports/ActiveConditionTabResult?uic=000000349,"""ДЪРЖАВНО ГОРСКО СТОПАНСТВО- ПЪРВОМАЙ"" ДП - Заличен търговец/ЮЛНЦ",20.08.2026г.,,,,,,,,,,,"{""27. Заличаване на търговеца/ЮЛНЦ"": ""Заличен търговец/ЮЛНЦ""}"
000000356,https://portal.registryagency.bg/CR/Reports/ActiveConditionTabResult?uic=000000356,"""ДЪРЖАВНО ГОРСКО СТОПАНСТВО- СТРУМЯНИ"" ДП - Заличен търговец/ЮЛНЦ",20.08.2026г.,,,,,,,,,,,"{""27. Заличаване на търговеца/ЮЛНЦ"": ""Заличен търговец/ЮЛНЦ""}"
000000491,https://portal.registryagency.bg/CR/Reports/ActiveConditionTabResult?uic=000000491,"Кооперация ""ТРУДОВО ПРОИЗВОДИТЕЛНА КООПЕРАЦИЯ ""НОВ СВЯТ""""",20.08.2026г.,000000491,16/1989 120,"ТРУДОВО ПРОИЗВОДИТЕЛНА КООПЕРАЦИЯ ""НОВ СВЯТ""",Кооперация,БЪЛГАРИЯ,"Област: Благоевград, Община: Благоевград","гр. Благоевград, п.к. 2700","бул./ул. ул. ТОДОР АЛЕКСАНДРОВ № 41 Телефон: 0879409768, Адрес на електронна поща: novsviat_pr@abv.bg","производство и реализация на шевни изделия от текстил;извършване на шивашки услуги;внос, износ, търговска, посредническа и маркетингова дейност",,"{""6а. Основна дейност по НКИД"": ""Група по НКИД: 1413\nКлас по НКИД: Производство на горно облекло, без работно"", ""9. Председател"": ""ЕЛЕНА СВЕТОСЛАВОВА КАТРАНДЖИЕВА-ПЕТКОВА, Държава: БЪЛГАРИЯ"", ""13. Управителен съвет"": ""Дата на изтичане на мандата: 17.04.2030 г.\nЕЛЕНА СВЕТОСЛАВОВА КАТРАНДЖИЕВА-ПЕТКОВА ЧЛЕН, Държава: БЪЛГАРИЯ\nКРАСИМИРА ТОДОРОВА КОТЕВА, Държава: БЪЛГАРИЯ\nРУМЯНА СПАСОВА ГЛАВУЧЕВА, Държава: БЪЛГАРИЯ"", ""13а. Подгласници в управителния съвет"": ""ГЕОРГИ ДИМИТРОВ ЗЛАТКОВ, Държава: БЪЛГАРИЯ"", ""15. Контролен съвет"": ""Дата на изтичане на мандата: 17.04.2030 г.\nИЛИНКА КОСТАДИНОВА ДИМИТРОВА, Държава: БЪЛГАРИЯ\nТАТЯНА БОРИСОВА ЧУЧУКОВА, Държава: БЪЛГАРИЯ\nСОНЯ КРУМОВА МАРЯНОВА, Държава: БЪЛГАРИЯ"", ""15а. Подгласници в контролния съвет"": ""СВЕТЛА АСЕНОВА СТОЯНОВА, Държава: БЪЛГАРИЯ""}"
000000726,https://portal.registryagency.bg/CR/Reports/ActiveConditionTabResult?uic=000000726,"Кооперация ""ТРУДОВО - ПРОИЗВОДИТЕЛНА КООПЕРАЦИЯ ""ГЕОРГИ АНДРИЯНОВ""""",20.08.2026г.,000000726,19/1989 120,"ТРУДОВО - ПРОИЗВОДИТЕЛНА КООПЕРАЦИЯ ""ГЕОРГИ АНДРИЯНОВ""",Кооперация,БЪЛГАРИЯ,"Област: Благоевград, Община: Белица","гр. Белица, п.к. 2780",бул./ул. ул. ДИМО ХАДЖИДИМОВ № 7,"ПРОИЗВОДСТВО И РЕАЛИЗАЦИЯ НА ДЪРВЕН АМБАЛАЖ, ДЪРВЕНИ ПАЛЕТИ, ДЪРВЕН МАТЕРИАЛ, ОПАКОВКИ ОТ ВЕЛПАПЕ И КАРТОН, КНИЖНИ КЕСИИ, ПОЛИЕТИЛЕНОВИ ПЛИКОВЕ, БАКЕЛИТОВИ ИЗДЕЛИЯ, ШАХОВЕ, ЕДНОКРАТНИ ВИЛИЧКИ, ЧИНИЙКИ ЗА СЛАДКО, КАПАЧКИ ЗА БУРКАНИ, БРОНЗ ЗА ПЕЧКИ, ЛАКОЧИСТИТЕЛИ, ПОРТМОНЕТА, ИЗВЪРШВАНЕ НА УСЛУГИ НА НАСЕЛЕНИЕТО-ЖЕЛЕЗАРСКИ, ДЪРВОДЕЛСКИ, МЕБЕЛНИ, ШИВАШКИ, ПЛЕТАЧЕСКИ, ОБУВНИ, МЕЛНИЧАРСКИ, ГАТЕРНО-БАНЗИКАРСКИ, БРЪСНАРО-ФРИЗЬОРСКИ И ТРАНСПОРТНИ.",,"{""6а. Основна дейност по НКИД"": ""Група по НКИД: 2010\nКлас по НКИД: ПРОИЗВОДСТВО НА ДЪРВЕН МАТЕРИАЛ И ИЗДЕЛИЯ"", ""9. Председател"": ""СЕРАФИМ НИКОЛОВ ШОПОВ, Държава: БЪЛГАРИЯ"", ""13. Управителен съвет"": ""Дата на изтичане на мандата: 16.05.2018 г.\nМАРИЯ ИВАНОВА БОЖИКОВА\nВЕНЦИСЛАВ ЛЕВЕНТОВ КОЗЛАРЕВ\nСЕРАФИМ НИКОЛОВ ШОПОВ\nСЕРАФИМ НИКОЛОВ ШОПОВ, Държава: БЪЛГАРИЯ\nМАРИЯ ИВАНОВА БОЖИКОВА, Държава: БЪЛГАРИЯ\nНИКОЛА ПЕТРОВ ЛЮТКОВ, Държава: БЪЛГАРИЯ"", ""15. Контролен съвет"": ""Дата на изтичане на мандата: 16.05.2018 г.\nИВАН ГЕОРГИЕВ ШОПОВ\nМАРИЯ ГЕОРГИЕВА БОЯДЖИЕВА\nКОСТАДИН АЛЕКСИЕВ ЗОТЕВ, Държава: БЪЛГАРИЯ\nВЕНЦИСЛАВ ЛЕВЕНТОВ КОЗЛАРЕВ, Държава: БЪЛГАРИЯ""}"
000000737,https://portal.registryagency.bg/CR/Reports/ActiveConditionTabResult?uic=000000737,"Кооперация ""КООПЕРАЦИЯ ""ТПК - ТОДОР ШОПОВ""""",20.08.2026г.,000000737,1017/1994 120,"КООПЕРАЦИЯ ""ТПК - ТОДОР ШОПОВ""",Кооперация,БЪЛГАРИЯ,"Област: Благоевград, Община: Сатовча","с. Сатовча, п.к. 2950",,"ПPOИЗBOДCTBO И PEAЛИЗAЦИЯ HA CПAЛHO БEЛЬO И TPИKOTAЖ, ДPEXИ, TABИ ЗA XЛЯБ, УЛУЦИ, ГOTBAPCKИ И OTOПЛИTEЛHИ ПEЧKИ; ИЗPAБOTKA HA ИШЛEME HA ГOPEПOCOЧEHИTE ИЗДEЛИЯ; ИЗBЪPШBAHE HA ШИBAШKИ, ДЪPBOДEЛCKИ, OБУЩAPCKИ, CTPУГAPCKИ, ФPИЗЬOPCKИ УCЛУГИ, PEMOHT HA БИTOBA TEXHИKA; TЪPГOBИЯ C XPAHИTEЛHИ И HEXPAHИTEЛHИ CTOKИ; BHOC И ИЗHOC.",,"{""6а. Основна дейност по НКИД"": ""Група по НКИД: 7020\nКлас по НКИД: НЕДВИЖИМИ ИМОТИ ПОД НАЕМ"", ""9. Председател"": ""ТОДОР ЖИВКОВ КАМБОВ, Държава: БЪЛГАРИЯ"", ""13. Управителен съвет"": ""Дата на изтичане на мандата: 30.03.2022 г.\nТОДОР ЖИВКОВ КАМБОВ, Държава: БЪЛГАРИЯ\nПавлин Иванов Петков, Държава: БЪЛГАРИЯ"", ""15. Контролен съвет"": ""Дата на изтичане на мандата: 30.03.2022 г.\nТодор Илиев Терзиев, Държава: БЪЛГАРИЯ\nИрена Лазарова Ролева, Държава: БЪЛГАРИЯ""}"
000000858,https://portal.registryagency.bg/CR/Reports/ActiveConditionTabResult?uic=000000858,"Кооперация ""КООПЕРАЦИЯ ""ТПКИ ""АТАНАС ТЕШОВСКИ""""""",20.08.2026г.,000000858,18/1989 120,"КООПЕРАЦИЯ ""ТПКИ ""АТАНАС ТЕШОВСКИ""""",Кооперация,БЪЛГАРИЯ,"Област: Благоевград, Община: Гоце Делчев","гр. Гоце Делчев, п.к. 2900","бул./ул. ул. ДУНАВ № 10 Телефон: 0751/60561, Факс: 0751/60561, Адрес на електронна поща: georgi_bashliev@abv.bg, Интернет страница: WWW.TESHOVSKI.FREE.BG","ПРОИЗВОДСТВО НА СТОКИ И УСЛУГИ ЗА НАСЕЛЕНИЕТО И ОБЩЕСТВЕНИТЕ ОРГАНИЗАЦИИ,ТЪРГОВИЯ СЪС СТОКИ,ВЪНШНОТЪРГОВСКА ДЕЙНОСТ,СВЪРЗАНА С ПРЕДМЕТА НА ДЕЙНОСТ НА КООПЕРАЦИЯТА,ОРГАНИЗИРАНЕТО НА СЪВМЕСТНОЖ ПРОИЗВОДСТВО,ТЪРГОВИЯ,ИЗКУПУВАНЕ,ПРЕРАБОТКА,СЪХРАНЕНИЕ И ТЪРГОВИЯ В СТРАНАТА И ЧУЖБИНА С ВСИЧКИ ВИДОВЕ СЕЛСКОСТОПАНСКА ПРОДУКЦИЯ,БИЛКИ,КОЖИ,ХОТЕЛИЕРСТВО И РЕСТОРАНТЬОРСТВО,ТРАНСПОРТНА ДЕЙНОСТ В СТРАНАТА И ЧУЖБИНА.",,"{""4. Изписване на чужд език"": ""TPKI ATANAS TESHOVSKI"", ""6а. Основна дейност по НКИД"": ""Група по НКИД: 1822\nКлас по НКИД: ПРОИЗВОДСТВО НА ОБЛЕКЛА"", ""9. Председател"": ""ГЕОРГИ ИВАНОВ БАШЛИЕВ, Държава: БЪЛГАРИЯ"", ""13. Управителен съвет"": ""Дата на изтичане на мандата: 27.03.2029 г.\nНачин, по който се определя мандатът: Съгласно Устава на кооперацията и Закона за кооперациите.\nГЕОРГИ ИВАНОВ БАШЛИЕВ, Държава: БЪЛГАРИЯ\nАСЯ СМИЛЕНОВА ХАДЖИЕВА, Държава: БЪЛГАРИЯ\nИВАН ДИМИТРОВ КАРТУЛЕВ, Държава: БЪЛГАРИЯ"", ""13а. Подгласници в управителния съвет"": ""МАРИЯ АТАНАСОВА РАМОВА, Държава: БЪЛГАРИЯ"", ""15. Контролен съвет"": ""Дата на изтичане на мандата: 27.03.2029 г.\nНачин, по който се определя мандатът: Съгласно Устава на кооперацията и Закона за кооперациите.\nГЕОРГИ ДИМИТРОВ ДЕРМЕНДЖИЕВ, Държава: БЪЛГАРИЯ\nГЕОРГИ ИВАНОВ КАРАКАШЕВ, Държава: БЪЛГАРИЯ"", ""15а. Подгласници в контролния съвет"": ""АСЕН АСЕНОВ ТЕШОВСКИ, Държава: БЪЛГАРИЯ""}"
000000872,https://portal.registryagency.bg/CR/Reports/ActiveConditionTabResult?uic=000000872,"Кооперация ""ПКИ ""ГЕОРГИ КАЗЕПОВ""""",20.08.2026г.,000000872,1/1989 120,"ПКИ ""ГЕОРГИ КАЗЕПОВ""",Кооперация,БЪЛГАРИЯ,"Област: Благоевград, Община: Сандански","гр. Сандански, п.к. 2800","бул./ул. ДАМЕ ГРУЕВ № 1 Телефон: 0877842406, Факс: 0746032158, Адрес на електронна поща: kazepov@abv.bg","ПРОИЗВОДСТВО И РЕАЛИЗАЦИЯ НА ШИВАШКА КОНФЕКЦИЯ, ОПАКОВКИ ОТ КАРТОН, ХАРТИЯ И ВЕЛПАПЕ, ПОЛИЕТИЛЕНОВИ ИЗДЕЛИЯ, ОТПЕЧАТВАНЕ НА ФАКТУРИ, ФОРМУЛЯРИ, ЕТИКЕТИ, БЛАНКИ, КОЧАНИ И ДРУГИ КНИГОВЕЗНИ УСЛУГИ, СИТОПЕЧАТ ВЪРХУ ХАРТИЯ И ПЛАТ, ВНОС И ИЗНОС.",,"{""4. Изписване на чужд език"": ""PKI Georgi Kazepov"", ""5а. Адрес за кореспонденция с НАП на територията на страната"": ""Държава: БЪЛГАРИЯ\nОбласт: Благоевград, Община: Сандански\nНаселено място: гр. Сандански, п.к. 2800\nбул./ул. ул. Даме Груев № 1"", ""6а. Основна дейност по НКИД"": ""Група по НКИД: 17.25\nКлас по НКИД: Производство на други изделия от хартия и картон"", ""9. Председател"": ""КРАСИМИРА СТОЯНОВА АНАСТАСОВА, Държава: БЪЛГАРИЯ"", ""13. Управителен съвет"": ""Дата на изтичане на мандата: 27.05.2030 г.\nКРАСИМИРА СТОЯНОВА АНАСТАСОВА, Държава: БЪЛГАРИЯ\nКАТЯ ВЕЛИКОВА РИЗОВА, Държава: БЪЛГАРИЯ\nДимитър Николаев Симонски, Държава: БЪЛГАРИЯ\nСтоянка Сотирова Ризова, Държава: БЪЛГАРИЯ\nКОСТАДИН НИКОЛОВ СТОИЛОВ, Държава: БЪЛГАРИЯ"", ""15. Контролен съвет"": ""Дата на изтичане на мандата: 27.05.2030 г.\nКИРИЛ БОРИСОВ ХРИСТОВ, Държава: БЪЛГАРИЯ\nКИРИЛ АТАНАСОВ ЧОБАНОВ, Държава: БЪЛГАРИЯ""}"
000000889,https://portal.registryagency.bg/CR/Reports/ActiveConditionTabResult?uic=000000889,"Кооперация ""ТПК НА ИНВАЛИДИТЕ АНТОН ПОПОВ"" - Заличен търговец/ЮЛНЦ",20.08.2026г.,,,,,,,,,,,"{""27. Заличаване на търговеца/ЮЛНЦ"": ""Заличен търговец/ЮЛНЦ""}"
000000908,https://portal.registryagency.bg/CR/Reports/ActiveConditionTabResult?uic=000000908,"Кооперация ""ТРУДОВО - ПРОИЗВОДИТЕЛНА КООПЕРАЦИЯ НА ИНВАЛИДИ ""РИЛА""""",20.08.2026г.,000000908,17/1989 120,"ТРУДОВО - ПРОИЗВОДИТЕЛНА КООПЕРАЦИЯ НА ИНВАЛИДИ ""РИЛА""",Кооперация,БЪЛГАРИЯ,"Област: Благоевград, Община: Благоевград","гр. Благоевград, п.к. 2700","бул./ул. ул. СКАПТОПАРА № 22 Телефон: 073/884530, Факс: 073/884525, Адрес на електронна поща: tpkrila@abv.bg","ПРОИЗВОДСТВО И РЕАЛИЗАЦИЯ НА ОБЛЕКЛА - СОБСТВЕНИ ИЗДЕЛИЯ И НА ИШЛЕМЕ,ТРИКОТАЖ,МЕКИ ДЕТСКИ ИГРАЧКИ, СУВЕНИРИ И ИЗДЕЛИЯ С БЪЛГАРСКА БРОДЕРИЯ, КАРТОНАЖ, КНИЖНО - МУКАВЕН АМБАБЛАЖ; ИЗВЪРШВАНЕ НА ШИВАШКИ И КНИГОВЕЗНИ УСЛУГИ; ТЪРГОВИЯ НВА ЕДРО И ДРЕБНО НА СОБСТВЕНИ И ДРУГИ ИЗДЕЛИЯ И СТОКИ; ВНОС И ИЗНОС.",,"{""4. Изписване на чужд език"": ""TPKI RILA"", ""5а. Адрес за кореспонденция с НАП на територията на страната"": ""Държава: БЪЛГАРИЯ\nОбласт: Благоевград, Община: Благоевград\nНаселено място: гр. Благоевград, п.к. 2700"", ""6а. Основна дейност по НКИД"": ""Група по НКИД: 14.13\nКлас по НКИД: Производство на горно облекло, без работно"", ""9. Председател"": ""ИВАН ДИМИТРОВ ЧОНГОВ, Държава: БЪЛГАРИЯ"", ""13. Управителен съвет"": ""Дата на изтичане на мандата: 23.03.2026 г.\nНачин, по който се определя мандатът: Съгласно ЗК - четиригодишен мандат\nИВАН ДИМИТРОВ ЧОНГОВ, Държава: БЪЛГАРИЯ\nЛИДИЯ БОЖИЛОВА КОКУЦОВА, Държава: БЪЛГАРИЯ\nИСКРА БОРИСЛАВОВА ТЕРЗИЙСКА, Държава: БЪЛГАРИЯ\nВЕСКА ДЕЛЧОВА СТОЙКОВА, Държава: БЪЛГАРИЯ"", ""15. Контролен съвет"": ""Дата на изтичане на мандата: 23.03.2026 г.\nНачин, по който се определя мандатът: Съгласно ЗК-четиригодишен мандат\nРОЗА БЛАГОЕВА ЧИМЕВА, Държава: БЪЛГАРИЯ""}"
000000993,https://portal.registryagency.bg/CR/Reports/ActiveConditionTabResult?uic=000000993,"""МЕДИКА"" АД - Заличен търговец/ЮЛНЦ",20.08.2026г.,,,,,,,,,,,"{""27. Заличаване на търговеца/ЮЛНЦ"": ""Заличен търговец/ЮЛНЦ""}"
000001141,https://portal.registryagency.bg/CR/Reports/ActiveConditionTabResult?uic=000001141,"""ТИСА"" ЕООД - Заличен търговец/ЮЛНЦ",20.08.2026г.,,,,,,,,,,,"{""27. Заличаване на търговеца/ЮЛНЦ"": ""Заличен търговец/ЮЛНЦ""}"
000001515,https://portal.registryagency.bg/CR/Reports/ActiveConditionTabResult?uic=000001515,"Кооперация ""КООПЕРАЦИЯ ТПК ""РОДИНА"""" - Заличен търговец/ЮЛНЦ",20.08.2026г.,,,,,,,,,,,"{""27. Заличаване на търговеца/ЮЛНЦ"": ""Заличен търговец/ЮЛНЦ""}"
000003270,https://portal.registryagency.bg/CR/Reports/ActiveConditionTabResult?uic=000003270,"""АВТОТЕХНИКА ПИРИН"" ЕООД",20.08.2026г.,000003270,88/1990 120,АВТОТЕХНИКА ПИРИН,Еднолично дружество с ограничена отговорност,БЪЛГАРИЯ,"Област: Благоевград, Община: Благоевград","с. Покровник, п.к. 2708 Телефон: 073/884922",,"Покупка на стоки или други вещи с цел препродажба в първоначален, преработен или обработен вид; продажба на стоки собствено производство; търговско представителство и посредничество; комисионни, спедиционни и превозни сделки в страната и в чужбина; складови сделки; лицензионни сделки; стоков контрол; сделки с интелектуална собственост; хотелиерски, туристически, рекламни, информационни, програмни и импресарски услуги; таксиметрови услуги; автосервизни услуги; шивашки услуги; покупка, строеж или обзавеждане на недвижими имоти с цел продажба; лизинг.",,"{""4. Изписване на чужд език"": ""AVTOTEHNIKA PIRIN EOOD"", ""7. Управители"": ""САШО МИЛАНОВ МИЛЧЕВ, Държава: БЪЛГАРИЯ"", ""23. Едноличен собственик на капитала"": ""МЕРКУРИЙ-92, ЕИК/ПИК 101157201, Държава: БЪЛГАРИЯ"", ""31. Размер"": ""4438.01 €"", ""32. Внесен капитал"": ""4438.01 €""}"
000003313,https://portal.registryagency.bg/CR/Reports/ActiveConditionTabResult?uic=000003313,"Кооперация ""КООПЕРАЦИЯ ""РАЙОННА ПОТРЕБИТЕЛНА КООПЕРАЦИЯ""""",20.08.2026г.,000003313,782/1994 120,"КООПЕРАЦИЯ ""РАЙОННА ПОТРЕБИТЕЛНА КООПЕРАЦИЯ""",Кооперация,БЪЛГАРИЯ,"Област: Благоевград, Община: Благоевград","гр. Благоевград, п.к. 2700","бул./ул. ул. АНТОН ЧЕХОВ № 5 Телефон: 073/884573, Факс: 073/832150","ПOKУПKA HA CTOKИ ИЛИ ДPУГИ BEЩИ C ЦEЛ ПPEПPOДAЖБA B ПЬPBOHAЧAЛEH, ПPEPAБOTEH ИЛИ OБPAБOTEH BИД; ПPOДAЖБA HA CTOKИ OT COБCTBEHO ПPOИЗBOДCTBO; TЬPГOBCKO ПPEДCTABИTEЛCTBO И ПOCPEДHИЧECTBO; KOMИCИOHHИ, ВЪНШНО-ТЪРГОВСКИ СДЕЛКИ, CПEДИЦИOHHИ И ПРЕВОЗНИ CKЛAДOBИ CДEЛKИ;ЛИЦЕНЗИОННИ СДЕЛКИ; CTOKOB KOHTPOЛ; CДEЛKИ C ИHTEЛEKTУAЛHA COБCTBEHOCT, XOTEЛИEPCKИ,РЕСТОРАНТЬОРСКИ, TУPИCTИЧECKИ, PEKЛAMHИ, ИHФOPMAЦИOHHИ, ПPOГPAMHИ, ИMПPECAPCKИ , ИЛИ ДPУГИ УCЛУГИ;ДЪРВОДЕЛСКИ,ЖЕЛЕЗАРСКИ ИЛИ ДРУГИ УСЛУГИ ПО ОБЩЕСТВЕНО ХРАНЕНЕ,ПOKУПKA, CTPOEЖ ИЛИ OБЗABEЖДAHE HA HEДBИЖИMИ ИMOTИ C ЦEЛ ПPOДAЖБA;",,"{""6а. Основна дейност по НКИД"": ""Група по НКИД: 7020\nКлас по НКИД: ДАВАНЕ ПОД НАЕМ НА СОБСТВЕНИ НЕДВИЖИМИ ИМОТИ"", ""9. Председател"": ""МАРГАРИТА ПЕТРУНОВА КОСТАДИНОВА, Държава: БЪЛГАРИЯ"", ""13. Управителен съвет"": ""Дата на изтичане на мандата: 15.02.2027 г.\nНачин, по който се определя мандатът: чл.20, ал.1 от Закона за кооперацииите\nСНЕЖАНА ЕВТИМОВА ИВАНОВА, Държава: БЪЛГАРИЯ\nИВАН АНГЕЛОВ ДАВИДКОВ, Държава: БЪЛГАРИЯ\nИВАНКА БОРИСОВА ДОГАНДЖИЙСКА, Държава: БЪЛГАРИЯ\nТОДОР ГЕОРГИЕВ КОРЧЕВ, Държава: БЪЛГАРИЯ\nКОСТАДИН ВАСИЛЕВ АНГЕЛОВ, Държава: БЪЛГАРИЯ\nМИХАИЛА ИЛИЕВА ГЮРЕВА, Държава: БЪЛГАРИЯ"", ""13а. Подгласници в управителния съвет"": ""ПЕТЪР ЙОРДАНОВ АЛЕКСОВ, Държава: БЪЛГАРИЯ\nСТОЯНКА ЖИВКОВА ИВАНОВА, Държава: БЪЛГАРИЯ"", ""15. Контролен съвет"": ""Дата на изтичане на мандата: 15.02.2027 г.\nНачин, по който се определя мандатът: чл. 27 от Закона за кооперциите\nПАВЛИНКА КИРИЛОВА ИВАНОВА, Държава: БЪЛГАРИЯ\nДАНИЕЛА АСПАРУХОВА БЛАГОВА, Държава: БЪЛГАРИЯ\nГЕОРГИ ДИМИТРОВ ГЕОРГИЕВ, Държава: БЪЛГАРИЯ"", ""15а. Подгласници в контролния съвет"": ""ДИМИТРИНА ВЛАДОВА ЦВЕТАНСКА, Държава: БЪЛГАРИЯ"", ""25. Отговорност над дялови вноски"": ""1000.00 лв.""}"
000003320,https://portal.registryagency.bg/CR/Reports/ActiveConditionTabResult?uic=000003320,"Кооперация ""ПОТРЕБИТЕЛНА КООПЕРАЦИЯ ""ВЪЗРАЖДАНЕ""""",20.08.2026г.,000003320,5/1989 120,"ПОТРЕБИТЕЛНА КООПЕРАЦИЯ ""ВЪЗРАЖДАНЕ""",Кооперация,БЪЛГАРИЯ,"Област: Благоевград, Община: Гоце Делчев","гр. Гоце Делчев, п.к. 2900","бул./ул. ул. ТЪРГОВСКА № 41 Телефон: 075160444, Факс: 0751 60433","Търговия, обществено хранене, хотелиерство, туризъм; производство на стоки; извършване на услуги – битови и други видове; строителство на обекти за осъществяване на стопанска дейност; отдаване под наем на стари и новопостроени дълготрайни материални активи; производство, изкупуване, преработка, заготовка на селскостопанска продукция и диворастящи плодове, билки и гъби; организиране пчеларска, зайцевъдство; събиране на вторични суровини; организиране на собствен транспорт; транспортна дейност; спедиторски услуги и комисионни спедиторски услуги; външнотърговска дейност; посредничество, агентство, лизинг; взаимоспомагателна каса съгласно закона; туристически, рекламни, информационни, програмни, импресарски и други услуги.",,"{""4. Изписване на чужд език"": ""\""VAZRAZHDANE\"" PK"", ""6а. Основна дейност по НКИД"": ""Група по НКИД: 4711\nКлас по НКИД: търговия на дребно в неспециализирани магазини предимно с хранителни стоки, напитки, тютюневи изделия"", ""9. Председател"": ""АНГЕЛ ДИМИТРОВ ГЕРАКСИЕВ, Държава: БЪЛГАРИЯ"", ""13. Управителен съвет"": ""Дата на изтичане на мандата: 18.03.2026 г.\nНачин, по който се определя мандатът: с Устав\nСПИРО ИВАНОВ ИЛЧЕВ, Държава: БЪЛГАРИЯ\nГРИГОР ТОДОРОВ ТОДОРОВ, Държава: БЪЛГАРИЯ\nИЛИЯН КОСТАДИНОВ КОЙКОВ, Държава: БЪЛГАРИЯ\nСАФЕ МЕХМЕД МОЛЛОВА, Държава: БЪЛГАРИЯ\nНИНА АЛБЕНОВА КАЧАКОВА, Държава: БЪЛГАРИЯ\nИВАН ГЕОРГИЕВ ХРИСИМОВ, Държава: БЪЛГАРИЯ"", ""13а. Подгласници в управителния съвет"": ""ЙОТО БОНОВ ПЕТРОВ, Държава: БЪЛГАРИЯ"", ""15. Контролен съвет"": ""Дата на изтичане на мандата: 18.03.2026 г.\nНачин, по който се определя мандатът: с Устав\nЕЛЕНА АСЕНОВА АВРАМОВА, Държава: БЪЛГАРИЯ\nПЕТРАНА СТОЯНОВА КЪШЕВА, Държава: БЪЛГАРИЯ\nИВАН АНГЕЛОВ ПОЮКОВ, Държава: БЪЛГАРИЯ"", ""15а. Подгласници в контролния съвет"": ""ЛЮБЕН БЛАГОЕВ САВОВ, Държава: БЪЛГАРИЯ""}"
000003338,https://portal.registryagency.bg/CR/Reports/ActiveConditionTabResult?uic=000003338,"Кооперация ""РАЙОННА ПОТРЕБИТЕЛНА КООПЕРАЦИЯ"" ПИРИН""""",20.08.2026г.,000003338,6/1989 120,"РАЙОННА ПОТРЕБИТЕЛНА КООПЕРАЦИЯ"" ПИРИН""",Кооперация,БЪЛГАРИЯ,"Област: Благоевград, Община: Сандански","гр. Сандански, п.к. 2800","бул./ул. ""СВОБОДА"" № 13 Телефон: 0746 3 16 46","ПОКУПКА НА СТОКИ С ЦЕЛ ПРЕПРОДАЖБАТА ИМ В ПЪРВОНАЧАЛЕН, ПРЕРАБОТЕН ИЛИ ОБРАБОТЕН ВИД; ПРОДАЖБА НА СТОКИ ОТ СОБСТВЕНО ПРОИЗВОДСТВО; ТЪРГОВСКО ПРЕДСТАВИТЕЛСТВО И ПОСРЕДНИЧЕСТВО; ВНОС И ИЗНОС; СКЛАДОВИ СДЕЛКИ; ХОТЕЛИЕРСКИ; ТУРИСТИЧЕСКИ, РЕКЛАМНИ И ИНФОРМАЦИОННИ УСЛУГИ; ПОКУПКА, СТРОЕЖ И ОБЗАВЕЖДАНЕ НА НЕДВИЖИМИ ИМОТИ С ЦЕЛ ПРОДАЖБА; СКЛАДОВИ И ЛИЦЕНЗИОННИ СДЕЛКИ; ЛИЗИНГОВИ СДЕЛКИ; СЕРВИЗНИ УСЛУГИ; АДМИНИСТРАТИВНИ УСЛУГИ; БИТОВИ УСЛУГИ; БАРТЕРНИ СДЕЛКИ; СЪБИРАНЕ; ИЗКУПУВАНЕ, ПРЕРАБОТКА, ЗАГОТОВКА И РЕАЛИЗАЦИЯ НА БИЛКИ, ГЪБИ И ДИВОРАСТЯЩИ ПЛОДОВЕ; ВЗАИМОСПОМАГАТЕЛНА ДЕЙНОСТ ЗА НУЖДИТЕ НА ЧЛЕН-КООПЕРАТОРИТЕ; ПРОИЗВОДСТВО НА ХЛЯБ, ХЛЕБНИ И СЛАДКАРСКИ ИЗДЕЛИЯ; ТРАНСПОРТНА ДЕЙНОСТ; СТРОИТЕЛНО-РЕМОНТНА ДЕЙНОСТ. ПРОДАЖБА НА ЦИГАРИ, АЛКОХОЛНИ НАПИТКИ И ДРУГИ АКЦИЗНИ СТОКИ (СЛЕД ВЗЕМАНЕ НА СЪОТВЕТНОТО РАЗРЕШЕНИЕ ПО УСТАНОВЕНИЯ РЕД) И ВСЯКАКЪВ ДРУГ ВИД ДЕЙНОСТ, НЕЗАБРАНЕНА ОТ ЗАКОНА.",,"{""4. Изписване на чужд език"": ""RAYONNA POTREBITELNA KOOPERATCYA \"" PIRIN\"""", ""9. Председател"": ""Людмила Кирилова Кацарова, Държава: БЪЛГАРИЯ"", ""13. Управителен съвет"": ""Дата на изтичане на мандата: 31.03.2027 г.\nРайна Стоилова Бъчварова, Държава: БЪЛГАРИЯ\nЙордан Сотиров Вангелов, Държава: БЪЛГАРИЯ\nВалентин Георгиев Трайков, Държава: БЪЛГАРИЯ\nЛюдмила Кирилова Кацарова, Държава: БЪЛГАРИЯ\nТаня Илиева Бешкова, Държава: БЪЛГАРИЯ\nЛидия Николова Гущерова, Държава: БЪЛГАРИЯ\nГЕОРГИ АЛЕКСАНДРОВ МАЛЧЕВ, Държава: БЪЛГАРИЯ"", ""15. Контролен съвет"": ""Дата на изтичане на мандата: 31.03.2027 г.\nНикола Костадинов Златинов, Държава: БЪЛГАРИЯ\nВалентин Иванов Гълъбов, Държава: БЪЛГАРИЯ\nСтанка Тодорова Бойкова, Държава: БЪЛГАРИЯ""}"
000003361,https://portal.registryagency.bg/CR/Reports/ActiveConditionTabResult?uic=000003361,"Кооперация ""ПОТРЕБИТЕЛНА КООПЕРАЦИЯ ""ПИРИН""""",20.08.2026г.,000003361,10/1989 120,"ПОТРЕБИТЕЛНА КООПЕРАЦИЯ ""ПИРИН""",Кооперация,БЪЛГАРИЯ,"Област: Благоевград, Община: Разлог","гр. Разлог, п.к. 2760",бул./ул. пл. ПРЕОБРАЖЕНИЕ 1,"покупка на стоки или други вещи с цел да ги препродаде в първоначален, преработен или обработен вид; продажба на стоки от собствено производство; търговско представителство и посредничество; комисионни, спедиционни и превозни сделки; външнотърговски , складови сделки;бартерни и лицензионни сделки; стоков контрол; сделки с интелектуална собственост; хотелиерски, туристически, рекламни, информационни, програмни, импресарски, строителни, сервизни , административни ,битови и други услуги; покупка, строеж и/или обзавеждане на недвижими имоти с цел продажба ; събиране , преработка и реализация на селскостопанска продукция , диворастящи билки , гъби и плодове ; взаимосомагателна дейност за членовете на кооперацията.",,"{""9. Председател"": ""ВЛАДКО БОРИСОВ БАНГЕЕВ, Държава: БЪЛГАРИЯ"", ""13. Управителен съвет"": ""Дата на изтичане на мандата: 08.03.2027 г.\nВЛАДКО БОРИСОВ БАНГЕЕВ\nБОРИС АТАНАСОВ ПУЛИН, Държава: БЪЛГАРИЯ\nЕЛЕНА МИЛЧОВА ДЖОЛЕВА, Държава: БЪЛГАРИЯ\nЙОРДАНКА ПЕТРОВА ЯНЕВА, Държава: БЪЛГАРИЯ\nМАГДЕЛИНА ИЛИЕВА РУСКОВА, Държава: БЪЛГАРИЯ\nНАДЯ СТОЯНОВА БОЙЧЕВА, Държава: БЪЛГАРИЯ"", ""13а. Подгласници в управителния съвет"": ""ВАНГЕЛИЯ ГЕОРГИЕВА КЮЛЕВА, Държава: БЪЛГАРИЯ\nЕЛКА ПЕТРОВА РАДЕВА, Държава: БЪЛГАРИЯ"", ""15. Контролен съвет"": ""Дата на изтичане на мандата: 08.03.2027 г.\nКОСТАДИН ВАСИЛЕВ КУЛИН, Държава: БЪЛГАРИЯ\nСЛАВИНИЯ ДИМИТРОВА ПРЕШЕЛКОВА, Държава: БЪЛГАРИЯ\nВЕЛИЧКА ХРИСТОВА ГЕОРГИЕВА, Държава: БЪЛГАРИЯ"", ""15а. Подгласници в контролния съвет"": ""РАДКА АСЕНОВА БИЦИНА, Държава: БЪЛГАРИЯ\nЕМАНУИЛ КОСТАДИНОВ ТЕРЗИЕВ, Държава: БЪЛГАРИЯ""}"
000003377,https://portal.registryagency.bg/CR/Reports/ActiveConditionTabResult?uic=000003377,"Кооперация ""ПК-МУСАЛА""",20.08.2026г.,000003377,8/1989 120,ПК-МУСАЛА,Кооперация,БЪЛГАРИЯ,"Област: Благоевград, Община: Якоруда","гр. Якоруда, п.к. 2790",бул./ул. ул. ЦАР БОРИС ІІІ-ти № 144,"ПОКУПКА НА СТОКИ ИЛИ ДРУГИ ВЕЩИ С ЦЕЛ ДА БЪДАТ ПРЕПРОДАДЕНИ В ПЪРВОНАЧАЛЕН , ПРЕРАБОТЕН ИЛИ ОБРАБОТЕН ВИД ; ПРОДАЖБА НА СТОКИ ОТ СОБСТВЕНО ПРОИЗВОДСТВО ; ВНОС , ИЗНОС И РЕЕКСПОРТ - ВЪНШНО ТЪРГОВСКА ДЕЙНОСТ ; ИЗКУПУВАНЕ И ПРЕРАБОТКА НА СЕЛСКОСТОПАНСКА ПРОДУКЦИЯ - БИЛКИ , ГЪБИ И ДРУГИ ; ИЗВЪРШВАНЕ НА УСЛУГИ ; ВЗАИМОПОМАГАТЕЛНА КАСА / ДЕЙНОСТ / ЗА НУЖДИТЕ НА ЧЛЕН КООПЕРАТОРИТЕ ..",,"{""4. Изписване на чужд език"": ""PK MUSALA"", ""6а. Основна дейност по НКИД"": ""Група по НКИД: 5212\nКлас по НКИД: ТЪРГОВСКА ДЕЙНОСТ - ОБСЛУЖВАНЕ НА НАСЕЛЕНИЕТО"", ""9. Председател"": ""ХАСАН АЛИ ХЪРЛЬОВ, Държава: БЪЛГАРИЯ"", ""13. Управителен съвет"": ""Дата на изтичане на мандата: 27.03.2030 г.\nНачин, по който се определя мандатът: чл.20,ал.1 Закона за кооперациите\nХАСАН АЛИ ХЪРЛЬОВ, Държава: БЪЛГАРИЯ\nКЪДРИЕ МУСТАФА ИБРАХИМ, Държава: БЪЛГАРИЯ\nГЕОРГИ ЙОРДАНОВ ДРИНЦОЛОВ, Държава: БЪЛГАРИЯ"", ""15. Контролен съвет"": ""Дата на изтичане на мандата: 27.03.2030 г.\nНачин, по който се определя мандатът: чл.27, ал.1 от Закона за кооперациите\nХАСАН ЮСУФ ИЛАНСКИ, Държава: БЪЛГАРИЯ\nСАЛИХ РЕДЖЕПОВ МАНЗУРСКИ, Държава: БЪЛГАРИЯ""}"
000003402,https://portal.registryagency.bg/CR/Reports/ActiveConditionTabResult?uic=000003402,"Кооперация ""ПОТРЕБИТЕЛСКА КООПЕРАЦИЯ ""МАКЕДОНИЯ""""",20.08.2026г.,000003402,14/1989 120,"ПОТРЕБИТЕЛСКА КООПЕРАЦИЯ ""МАКЕДОНИЯ""",Кооперация,БЪЛГАРИЯ,"Област: Благоевград, Община: Симитли","гр. Симитли, п.к. 2730","бул./ул. ул. ХРИСТО БОТЕВ № 25 Телефон: 0748/72234, Факс: 0748/722-74, Интернет страница: pk_makedonia@abv.bg","ПОКУПКА НА СТОКИ ИЛИ ДРУГИ ВЕЩИ С ЦЕЛ ПРОДАЖБА В ПЪРВОНАЧАЛЕН,ОБРАБОТЕН ИЛИ ПРЕРАБОТЕН ВИД,ПРОДАЖБА НА СТОКИ ОТ СОБСТВЕНО ПРОИЗВОДСТВО,ТЪРГОВСКО ПРЕДСТАВИТЕЛСТВО И ПОСРЕДНИЧЕСТВО,КОМИСИОННИ,СПЕДИЦИОННИ И ПРЕВОЗНИ СДЕЛКИ, СКЛАДОВИ СДЕЛКИ,ЛИЗИНГ,ЛИЦЕНЗИОННИ СДЕЛКИ,СТОКОВ КОНТРОЛ,СДЕЛКИ С ИНТЕЛЕКТУАЛНА СОБСТВЕНОСТ,ИЗДЕЛИЯ,ПРОМИШЛЕНИ УСЛУГИ НА ГРАЖДАНИ И ФИРМИ ,ТРАНСПОРТНИ УСЛУГИ,СПЕСТОВНО-КРЕДИТНА ДЕЙНОСТ,СТРОИТЕЛНИ УСЛУГИ,ХОТЕЛИЕРСТВО И ТУРИЗЪМ,АРТИСТИНО-МУЗИКАЛНА ДЕЙНОСТ.",,"{""5а. Адрес за кореспонденция с НАП на територията на страната"": ""Държава: БЪЛГАРИЯ\nОбласт: Благоевград, Община: Симитли\nНаселено място: гр. Симитли, п.к. 2730\nбул./ул. ул. ХРИСТО БОТЕВ № 25"", ""6а. Основна дейност по НКИД"": ""Група по НКИД: 5211\nКлас по НКИД: ТЪРГОВИЯ НА ДРЕБНО"", ""9. Председател"": ""ВЕЛИЧКО СТОИЛОВ КРЪСТЕВ, Държава: БЪЛГАРИЯ"", ""13. Управителен съвет"": ""Дата на изтичане на мандата: 18.07.2022 г.\nНачин, по който се определя мандатът: ЧЛ.20 от ЗК\nСАШКА БОРИСОВА ЧАЛЪКОВА, Държава: БЪЛГАРИЯ\nХРИСТИНА ИВАНОВА МИЛЧОВА, Държава: БЪЛГАРИЯ\nВЕЛИЧКО СТОИЛОВ КРЪСТЕВ, Държава: БЪЛГАРИЯ\nОГНЯН НИКОЛОВ СТОИЛОВ, Държава: БЪЛГАРИЯ\nПАВЛИНА БЛАГОЕВА ВЕСКОВА, Държава: БЪЛГАРИЯ\nСПАС СТОЙЧЕВ ПЕТРОВ, Държава: БЪЛГАРИЯ\nТЕМЕНУЖКА ЙОСИФОВА КОВАЧЕВА, Държава: БЪЛГАРИЯ"", ""13а. Подгласници в управителния съвет"": ""ЛЮБЕН ГЕОРГИЕВ БОЗДЕВ, Държава: БЪЛГАРИЯ\nДИМИТЪР ЮЛИЕВ СЕГМЕНОВ, Държава: БЪЛГАРИЯ"", ""15. Контролен съвет"": ""Дата на изтичане на мандата: 18.07.2022 г.\nЦВЕТАНКА СТОИМЕНОВА КИМЧЕВА, Държава: БЪЛГАРИЯ\nСТЕФАНКА АНДРЕЕВА ДАЧЕВА, Държава: БЪЛГАРИЯ\nМАРИЯ ВАКАНОВА ЛАЗАРОВА, Държава: БЪЛГАРИЯ"", ""15а. Подгласници в контролния съвет"": ""РАДКА АЛЕКСАНДРОВА КРУШАЛИЙСКА, Държава: БЪЛГАРИЯ\nЦВЕТАНКА СТОЙНЕВА НИКОЛОВА, Държава: БЪЛГАРИЯ""}"
000003441,https://portal.registryagency.bg/CR/Reports/ActiveConditionTabResult?uic=000003441,"Кооперация ""ПОТРЕБИТЕЛНА КООПЕРАЦИЯ СЪЗНАНИЕ""",20.08.2026г.,000003441,15/1989 120,ПОТРЕБИТЕЛНА КООПЕРАЦИЯ СЪЗНАНИЕ,Кооперация,БЪЛГАРИЯ,"Област: Благоевград, Община: Гърмен","с. Гърмен, п.к. 2960",,"ТЪРГОВИЯ И ОБЩЕСТВЕНО ХРАНЕНЕ, ПРОИЗВОДСТВО НА СТОКИ, ИЗВЪРШВАНЕ НА НЯКОИ УСЛУГИ НА НАСЕЛЕНИЕТО, ПРОИЗВОДСТВО, ИЗКУПУВАНЕ, ПРЕРАБОТКА И ЗАГОТОВКА НА СЕЛСКОСТОПАНСКА ПРОДУКЦИЯ, СЪБИРАНЕ НА БИЛКИ, ГЪБИ, ДИВОРАСТЯЩИ ПЛОДОВЕ, ВТОРИЧНИ СУРОВИНИ И ДРУГИ ВЗАИМО-СПОМАГАТЕЛНА КАСА.",,"{""4. Изписване на чужд език"": ""POTREBITELNA KOOPERACIA SAZNANIE"", ""9. Председател"": ""КИРИЛ БОГДАНОВ ТОПАЛОВ, Държава: БЪЛГАРИЯ"", ""13. Управителен съвет"": ""Дата на изтичане на мандата: 25.03.2027 г.\nКИРИЛ ДИМИТРОВ ФРАНГОВ, Държава: БЪЛГАРИЯ\nКАТЕРИНА АНДОНОВА ДОНКОВА, Държава: БЪЛГАРИЯ\nЙОРДАНКА СТОЙКОВА РАЛЕВА, Държава: БЪЛГАРИЯ\nАСПАРУХ АНГЕЛОВ БИЛЮКОВ, Държава: БЪЛГАРИЯ\nКИРИЛ БОГДАНОВ ТОПАЛОВ, Държава: БЪЛГАРИЯ"", ""15. Контролен съвет"": ""Дата на изтичане на мандата: 25.03.2027 г.\nМАРИЯ ИВАНОВА ТЪРТОВА, Държава: БЪЛГАРИЯ\nИВАН БОЙКОВ МАВРОДИЕВ, Държава: БЪЛГАРИЯ\nВЕЛИЧКА СТОЯНОВА ЦВЕТКОВА, Държава: БЪЛГАРИЯ""}"
000003459,https://portal.registryagency.bg/CR/Reports/ActiveConditionTabResult?uic=000003459,"Кооперация ""ПОТРЕБИТЕЛНА КООПЕРАЦИЯ ""РОДОПИ""""",20.08.2026г.,000003459,1/1990 120,"ПОТРЕБИТЕЛНА КООПЕРАЦИЯ ""РОДОПИ""",Кооперация,БЪЛГАРИЯ,"Област: Благоевград, Община: Гърмен","с. Ковачевица, п.к. 2969 Телефон: 0899485909",Адрес на електронна поща: rodopi_1922@abv.bg,"ПOKУПKA HA CTOKИ ИЛИ ДPУГИ BEЩИ C ЦEЛ ДA БЪДAT ПPEПPOДAДEHИ B ПЪPBOHAЧAЛEH, ПPEPAБOTEH ИЛИ OБPAБOTEH BИД; ПPOДAЖБA HA CTOKИ OT COБCTBEHO ПPOИЗBOДCTBO; TЪPГOBCKO ПPEДCTABИTEЛCTBO ПOCPEДHИЧECTBO; KOMИCИOHHИ, CПEДИЦИOHHИ И ПPEBOЗHИ CДEЛKИ; ИЗKУПУBAHE И ПPEPAБOTKA HA ПЛOДOBE И БИЛKИ; BЪHШHOTЪPГOBCKИ CДEЛKИ; CKЛAДOBИ CДEЛKИ; БAPTEPHИ CДEЛKИ; ЛИЦEHЗИOHHИ CДEЛKИ; ЛИЗИHГOBИ CДEЛKИ; СТOKOB KOHTPOЛ; CДEЛKИ C ИHTEЛEKTУAЛHA COБCTBEHOCT; XOTEЛИEPCKИ, TУPИCTИЧECKИ, PEKЛAMHИ, ИHФOPMAЦИOHHИ, ПPOГPAMHИ, ИMПPECAPCKИ ИЛИ ДPУГИ УCЛУГИ; ПOKУПKA, CTPOEЖ ИЛИ OБЗABEЖДAHE HA HEДBИЖИMИ ИMOTИ C ЦEЛ ПPOДAЖБA; BЗAИMOCПOMAГATEЛHA ДEЙHOCT HA ЧЛEHOBETE HA KOOПEPAЦИЯTA.",,"{""6а. Основна дейност по НКИД"": ""Група по НКИД: 5211\nКлас по НКИД: ТЪРГОВИЯ"", ""9. Председател"": ""АЗИМ ИБРАИМОВ ПЕНДЕВ, Държава: БЪЛГАРИЯ"", ""13. Управителен съвет"": ""Дата на изтичане на мандата: 28.03.2030 г.\nАЗИМ ИБРАИМОВ ПЕНДЕВ, Държава: БЪЛГАРИЯ\nШУКРИ РАМАДАНОВ ОСМАНЧЕВ, Държава: БЪЛГАРИЯ\nСТОЙКА ЙОРДЖЕВА ДИШЛЯНОВА, Държава: БЪЛГАРИЯ\nШУКРИ АЛИЕВ ХОДЖОВ, Държава: БЪЛГАРИЯ\nМАРИЯ ВЛАДИМИРОВА КИРОВА, Държава: БЪЛГАРИЯ"", ""15. Контролен съвет"": ""Дата на изтичане на мандата: 28.03.2030 г.\nМАРИАНА ХРИСТОВА ДИКОВА, Държава: БЪЛГАРИЯ\nКАТЕРИНА ГЕОРГИЕВА БОЗОВА, Държава: БЪЛГАРИЯ\nИБРАХИМ АХМЕДОВ ШАРКОВ, Държава: БЪЛГАРИЯ""}"
000003466,https://portal.registryagency.bg/CR/Reports/ActiveConditionTabResult?uic=000003466,"Кооперация ""ПОТРЕБИТЕЛНА КООПЕРАЦИЯ ""ЕДИНСТВО""""",20.08.2026г.,000003466,4862/1992 120,"ПОТРЕБИТЕЛНА КООПЕРАЦИЯ ""ЕДИНСТВО""",Кооперация,БЪЛГАРИЯ,"Област: Благоевград, Община: Хаджидимово","с. Копривлен, п.к. 2921",бул./ул. В.ЛЕВСКИ № 1,"ПОКУПКА НА СТОКИ ИЛИ ДРУГИ ВЕЩИ С ЦЕЛ ДА БЪДАТ ПРЕПРОДАДЕНИ В ПЪРВОНАЧАЛЕН, ПРЕРАБОТЕН ИЛИ ОБРАБОТЕН ВИД, ПРОДАЖБА НА СТОКИ ОТ СОБСТВЕНО ПРОИЗВОДСТВО, ХОТЕЛИЕРСКИ УСЛУГИ, ТУРИСТИЧЕСКИ УСЛУГИ, РЕКЛАМНИ УСЛУГИ, БИТОВИ УСЛУГИ, ТРАНСПОРТНА ДЕЙНОСТ, ИЗКУПУВАНЕ, ПРЕРАБОТКА, ИЗНОС И ВНОС НА КУЛТИВИРАНИ И ДИВОРАСТЯЩИ БИЛКИ ПЛОДОВЕ, ГЪБИ, СЕЛСКОСТОПАНСКА И ДРУГА ПРОДУКЦИЯ, РАКИЯ ИЗВАРЯВАНЕ, РИБОВЪДСТВО, СТРОИТЕЛСТВО, ДЪРВОДОБИВ И ДЪРВОПРЕРАБОТВАНЕ, ШИВАШКА ДЕЙНСОТ, ПОСРЕДНИЕЧСТВО.",,"{""6а. Основна дейност по НКИД"": ""Група по НКИД: 47.19\nКлас по НКИД: Търговия на дребно в неспециализирани магазини с разнообразни стоки"", ""9. Председател"": ""РУМЕН ГЕОРГИЕВ КАСАПОВ, Държава: БЪЛГАРИЯ"", ""13. Управителен съвет"": ""Дата на изтичане на мандата: 27.04.2022 г.\nНачин, по който се определя мандатът: чл. 20, ал.1 от ЗК\nРУМЕН ГЕОРГИЕВ КАСАПОВ, Държава: БЪЛГАРИЯ\nМАГДА ВЛАДИМИРОВА ГЪРКОВА, Държава: БЪЛГАРИЯ\nАНДОН СТОЯНОВ ШОПОВ, Държава: БЪЛГАРИЯ\nТОМА КОСТАДИНОВ БАРБУТЕВ, Държава: БЪЛГАРИЯ\nЛИЛЯНА АСПАРУХОВА ЧОБАНОВА, Държава: БЪЛГАРИЯ"", ""15. Контролен съвет"": ""Дата на изтичане на мандата: 27.04.2022 г.\nНачин, по който се определя мандатът: Съгласно ЗК член 27 ал.1 от ЗК\nТЕМЕНУГА АТАНАСОВА САМАРОВА, Държава: БЪЛГАРИЯ\nИВАН НИКОЛОВ КРУШОВСКИ, Държава: БЪЛГАРИЯ\nЕЛЕНА ГЕОРГИЕВА БОЙЧЕВА, Държава: БЪЛГАРИЯ""}"
000003473,https://portal.registryagency.bg/CR/Reports/ActiveConditionTabResult?uic=000003473,"Кооперация ""РАЙОННА ПОТРЕБИТЕЛНА КООПЕРАЦИЯ ГРАДЕЦ""",20.08.2026г.,000003473,20000/1990 120,РАЙОННА ПОТРЕБИТЕЛНА КООПЕРАЦИЯ ГРАДЕЦ,Кооперация,БЪЛГАРИЯ,"Област: Благоевград, Община: Гърмен","с. Огняново, п.к. 2947 Телефон: 31-15",,"Покупка на стоки или други вещи с цел да бъдат препродадени в първоначален, преработен или обработен вид; продажба на стоки от собствено производство; търговско представителство посредничество; комисионни, спедиционни и превозни сделки; външнотърговски сделки; складови сделки; бартерни сделки; лицензионни сделки; лизингови сделки; стоков контрол; сделки с интелектуална собственост; хотелиерски, туристически, рекламни, информационни, програмни, импресарски или други услуги; покупка, строеж или обзавеждане на недвижими имоти с цел продажба, взаимоспомагателна дейност за членовете на кооперацията.",,"{""9. Председател"": ""ХРИСТИНА ДИМИТРОВА СТАМБОЛИЕВА, Държава: БЪЛГАРИЯ"", ""13. Управителен съвет"": ""Дата на изтичане на мандата: 18.02.2013 г.\nХРИСТИНА ДИМИТРОВА СТАМБОЛИЕВА, Държава: БЪЛГАРИЯ\nМАНЧО БИСЕРОВ ПАНЮКОВ, Държава: БЪЛГАРИЯ\nИВАН АТАНАСОВ ТЕРЗИЕВ, Държава: БЪЛГАРИЯ\nХАЛИЛ ДЖЕИТОВ КЕСКИНЕВ, Държава: БЪЛГАРИЯ\nКРАСИМИР СТАЛИНОВ СОЛЕНКОВ, Държава: БЪЛГАРИЯ"", ""15. Контролен съвет"": ""Дата на изтичане на мандата: 18.02.2013 г.\nРОСЕН ИХТИАНДРОВ ТЮФЕКЧИЕВ, Държава: БЪЛГАРИЯ\nСАХИТ БАЙРАМ ИСА, Държава: БЪЛГАРИЯ\nДИМИТРИЯ БОРИСОВА ХРИСТОВА, Държава: БЪЛГАРИЯ""}"
000003498,https://portal.registryagency.bg/CR/Reports/ActiveConditionTabResult?uic=000003498,"Кооперация ""ПОТРЕБИТЕЛНА КООПЕРАЦИЯ ""НАПРЕДЪК""""",20.08.2026г.,000003498,1686/1993 120,"ПОТРЕБИТЕЛНА КООПЕРАЦИЯ ""НАПРЕДЪК""",Кооперация,БЪЛГАРИЯ,"Област: Благоевград, Община: Сатовча","с. Кочан, п.к. 2955 Телефон: 0877848865",,"ПOKУПKA HA CTOKИ ИЛИ ДPУГИ BEЩИ C ЦEЛ ДA БЬДAT ПPEПPOДAДEHИ B ПЪPBOHAЧAЛEH, ПPEPAБOTEH ИЛИ OБPAБOTEH BИД; ПPOДAЖБA HA CTOKИ OT COБCTBEHO ПPOИЗBOДCTBO; TЪPГOBCKO ПPEДCTABИTEЛCTBO И ПOCPEДHИЧECTBO; KOMИCИOHHИ, CПEДИЦИOHHИ, ПPEBOЗHИ, BЪHШHOTЪPГOBCKИ СДЕЛКИ, CKЛAДOBИ CДEЛKИ, БAPTEPHИ, ЛИЦEHЗИOHHИ И ЛИЗИHГOBИ CДEЛKИ; BЪHШHOTЪPГOBCKИ CДEЛKИ; CKЛAДOBИ CДEЛKИ, БAPTEPHИ CДEЛKИ; ЛИЦEHЗИOHHИ CДEЛKИ; ЛИЗИHГOBИ CДEЛKИ; CTOKOB KOHTPOЛ; CДEЛKИ C ИHTEЛEKTУAЛHA COБCTBEHOCT; XOTEЛИEPCKИ, TУPИCTИЧECKИ, PEKЛAMHИ, ИHФOPMAЦИOHHИ, ПPOГPAMHИ, ИMПPECAPCKИ; ПOKУПKA, CTPOEЖ ИЛИ OБAЗBEЖДAHE HA HEДBИЖИMИ ИMOTИ C ЦEЛ ПPOДAЖБA; BЗAИMOCПOMAГATEЛHA ДEЙHOCT ЗA ЧЛEHOBETE HA KOOПEPAЦИЯTA.",,"{""6а. Основна дейност по НКИД"": ""Група по НКИД: 4711\nКлас по НКИД: ТЪРГОВИЯ С РАЗНООБРАЗНИ СТОКИ"", ""9. Председател"": ""СТЕФАН ХЪБИНОВ ПОЮКОВ, Държава: БЪЛГАРИЯ"", ""13. Управителен съвет"": ""Дата на изтичане на мандата: 21.02.2029 г.\nСТЕФАН ХЮБИНОВ ПОЮКОВ, Държава: БЪЛГАРИЯ\nАНИ СМИЛКОВА МОЛЛОВА, Държава: БЪЛГАРИЯ\nМЛАДЕН АСЕНОВ ЗЕХИРОВ, Държава: БЪЛГАРИЯ\nРАСИМ РАСИМОВ ДАЙЛИЕВ, Държава: БЪЛГАРИЯ\nИРИНА СЪБЕВА ЧАУШЕВА, Държава: БЪЛГАРИЯ\nАЛИ СЮЛЕЙМАНОВ ПАЗВАНТОВ, Държава: БЪЛГАРИЯ\nБИСЕР СЪБЕВ МЛАДЕНОВ, Държава: БЪЛГАРИЯ"", ""13а. Подгласници в управителния съвет"": ""ВЕЛКО ИЛИЕВ УШЕВ, Държава: БЪЛГАРИЯ\nЛЮБЕН АЛИПИЕВ МОЛЛОВ, Държава: БЪЛГАРИЯ"", ""15. Контролен съвет"": ""Дата на изтичане на мандата: 21.02.2029 г.\nПЛАМЕН ЦАНЕВ ДЖАЛЕВ, Държава: БЪЛГАРИЯ\nКАЛИН АЛЕНОВ ПОЮКОВ, Държава: БЪЛГАРИЯ\nЗДРАВКО АЛДИНОВ ЕТРОПОЛСКИ, Държава: БЪЛГАРИЯ"", ""15а. Подгласници в контролния съвет"": ""ЮЛИЙ ЯСЕНОВ КУМБАРОВ, Държава: БЪЛГАРИЯ""}"
000003516,https://portal.registryagency.bg/CR/Reports/ActiveConditionTabResult?uic=000003516,"Кооперация ""ПОТРЕБИТЕЛНА КООПЕРАЦИЯ ""ЕДИНСТВО""""",20.08.2026г.,000003516,7/1991 120,"ПОТРЕБИТЕЛНА КООПЕРАЦИЯ ""ЕДИНСТВО""",Кооперация,БЪЛГАРИЯ,"Област: Благоевград, Община: Гърмен","с. Дъбница, п.к. 2940",,"ТЪРГОВИЯ И ОБЩЕСТВЕНО ХРАНЕНЕ,ПРОИЗВОДСТВО НА СТОКИ,ИЗВЪРШВАНЕ НА НЯКОИ УСЛУГИ ЗА НАСЕЛЕНИЕТО,ПРОИЗВОДСТВО,ИЗКУПУВАНЕ,ПРЕРАБОТКА И ЗАГОТОВКА НА СЕЛСКОСТОПАНСКА ПРОДУКЦИЯ,СЪБИРАНЕ НА БИЛКИ,ГЪБИ,ДИВОРАСТЯЩИ ПЛОДОВЕ,ВТОРИЧНИ СУРОВИНИ И ДРУГИ ВЗАИМОСПОМАГАТЕЛНА КАСА.",,"{""4. Изписване на чужд език"": ""POTREBITELNA KOOPERACIA EDINSTVO"", ""6а. Основна дейност по НКИД"": ""Група по НКИД: 5220\nКлас по НКИД: ТЪРГОВИЯ НА ДРЕБНО"", ""9. Председател"": ""ГАЛЯ ЙОРДАНОВА ЛАНЕВА, Държава: БЪЛГАРИЯ"", ""13. Управителен съвет"": ""Дата на изтичане на мандата: 25.03.2026 г.\nИЛИЯ ЙОРДАНОВ ЦАЦЕВ, Държава: БЪЛГАРИЯ\nГЕОРГИ ВАСИЛЕВ МАЛАКОВ, Държава: БЪЛГАРИЯ\nМЕХМЕД НЕДЖИПОВ АЛИЕВ, Държава: БЪЛГАРИЯ\nАЛБЕН ВЕНЦИСЛАВОВ КАТРЕВ, Държава: БЪЛГАРИЯ\nГАЛЯ ЙОРДАНОВА ЛАНЕВА, Държава: БЪЛГАРИЯ"", ""13а. Подгласници в управителния съвет"": ""ВАЛЕНТИН ЮРИЕВ КИНЕВИРСКИ, Държава: БЪЛГАРИЯ"", ""15. Контролен съвет"": ""Дата на изтичане на мандата: 25.03.2026 г.\nАНГЕЛ АЛЕКСАНДРОВ ЛАЗАРОВ, Държава: БЪЛГАРИЯ\nПЕТЪР ДИМИТРОВ КАНАТОВ, Държава: БЪЛГАРИЯ\nИБРАИМ РИФАД АХМЕД, Държава: БЪЛГАРИЯ"", ""15а. Подгласници в контролния съвет"": ""МУСТАФА ИДРИЗОВ ТАЛИПОВ, Държава: БЪЛГАРИЯ""}"
000003523,https://portal.registryagency.bg/CR/Reports/ActiveConditionTabResult?uic=000003523,"Кооперация ""ПК ""СЕВДИ БАЛКАН""""",20.08.2026г.,000003523,11/1989 120,"ПК ""СЕВДИ БАЛКАН""",Кооперация,БЪЛГАРИЯ,"Област: Благоевград, Община: Сатовча","с. Сатовча, п.к. 2950",,"ПОКУПКА НА СТОКИ ИЛИ ДРУГИ ВЕЩИ С ЦЕЛ ДА БЪДАТ ПРЕПРОДАДЕНИ В ПЪРВОНАЧАЛЕН, ПРЕРАБОТЕН ИЛИ ОБРАБОТЕН ВИД; ПРОДАЖБА НА СТОКИ ОТ СОБСТВЕНО ПРОИЗВОДСТВО; ТЪРГОВСКО ПРЕДСТАВИТЕЛСТВО, ПОСРЕДНИЧЕСТВО; КОМИСИОННИ, СПЕДИЦИОННИ И ПРЕВОЗНИ СДЕЛКИ; ВЪНШНОТЪРГОВСИ СДЕЛКИ; СКЛАДОВИ СДЕЛКИ; БАРТЕРНИ СДЕЛКИ; ЛИЦЕНЗИОННИ СДЕЛКИ; ЛИЗИНГОВИ СДЕЛКИ; СТОКОВ КОНТРОЛ; СДЕЛКИ С ИНТЕЛЕКТУАЛНА СОБСТВЕНОСТ; ХОТЕЛИЕРСКИ, ТУРИСТИЧЕСКИ, РЕКЛАМНИ, ИНФОРМАЦИОННИ, ИМПРЕСАРСКИ УСЛУГИ; ПОКУПКА, СТРОЕЖ ИЛИ ОБЗАВЕЖДАНЕ НА НЕДВИЖИМИ ИМОТИ, С ЦЕЛ ПРОДАЖБА; ВЗАИМОСПОМАГАТЕЛНА ДЕЙНОСТ ЗА ЧЛЕНОВЕТЕ НА КООПЕРАЦИЯТА.",,"{""4. Изписване на чужд език"": ""POTREBITELNA KOOPERACIA \""SEVDI BALKAN\"""", ""5а. Адрес за кореспонденция с НАП на територията на страната"": ""Държава: БЪЛГАРИЯ\nОбласт: Благоевград, Община: Сатовча\nНаселено място: с. Сатовча, п.к. 2950"", ""9. Председател"": ""КАМЕН НАУМОВ ЮЗЕКЧИЕВ, Държава: БЪЛГАРИЯ"", ""13. Управителен съвет"": ""Дата на изтичане на мандата: 18.02.2020 г.\nИСКРА БОЯНОВА ПИЛЬОЕВА, Държава: БЪЛГАРИЯ\nКАМЕН НАУМОВ ЮЗЕКЧИЕВ, Държава: БЪЛГАРИЯ\nШИНКА ПЕТРОВА ЛОВКОВА, Държава: БЪЛГАРИЯ\nФИКРИЕ ЯХОВА БЕЛБЕРОВА, Държава: БЪЛГАРИЯ\nБЕЙКА АСАНОВА САИТОВА, Държава: БЪЛГАРИЯ"", ""15. Контролен съвет"": ""Дата на изтичане на мандата: 18.02.2020 г.\nДЖАВАТ ХАСАН ДЖИНАЛИ, Държава: БЪЛГАРИЯ\nДЕЛЯН СЪБЕВ КИСЛЕВ, Държава: БЪЛГАРИЯ\nАМИДЕ ОСМАНОВА БЕЛБЕРОВА, Държава: БЪЛГАРИЯ""}"
000003530,https://portal.registryagency.bg/CR/Reports/ActiveConditionTabResult?uic=000003530,"Кооперация ""ПОТРЕБИТЕЛНА КООПЕРАЦИЯ МЕСТА""",20.08.2026г.,000003530,2/1990 120,ПОТРЕБИТЕЛНА КООПЕРАЦИЯ МЕСТА,Кооперация,БЪЛГАРИЯ,"Област: Благоевград, Община: Сатовча","с. Слащен, п.к. 2937",,"ПОКУПКА НА СТОКИ ИЛИ ДРУГИ ВЕЩИ С ЦЕЛ ДА БЪДАТ ПРЕПРОДАДЕНИ В ПЪРВОНАЧАЛЕН, ПРЕРАБОТЕН ИЛИ ОБРАБОТЕН ВИД; ПРОДАЖБА НА СТОКИ ОТ СОБСТВЕНО ПРОИЗВОДСТВО; ТЪРГОВСКО ПРЕДСТАВИТЕЛСТВО И ПОСРЕДНИЧЕСТВО; КОМИСИОННИ, СПЕДИЦИОННИ И ПРЕВОЗНИ СДЕЛКИ; ВЪНШНОТЪРГОВСКИ СДЕЛКИ; БАРТЕРНИ СДЕЛКИ; ЛИЦЕНЗИОННИ СДЕЛКИ; ЛИЗИНГОВИ СДЕЛКИ; СТОКОВ КОНТРОЛ; СДЕЛКИ С ИНТЕЛЕКТУАЛНА СОБСТВЕНОСТ; ХОТЕЛИЕРСКИ, ТУРИСТИЧЕСКИ РЕКЛАМНИ, ИНФОРМАЦИОННИ, ПРОГРАМНИ, ИМПРЕСАРСКИ УСЛУГИ; ПОКУПКА, СТРОЕЖ ИЛИ ОБЗАВЕЖДАНЕ НА НЕДВИЖИМИ ИМОТИ С ЦЕЛ ПРОДАЖБА; ВЗАИМОСПОМАГАТЕЛНА ДЕЙНОСТ ЗА ЧЛЕНОВЕТЕ НА КООПЕРАЦИЯТА.",,"{""4. Изписване на чужд език"": ""POTREBITELNA KOOPERATSIYA MESTA"", ""9. Председател"": ""ЛЮБЕН МИЛЕНОВ ПАЛОВ, Държава: БЪЛГАРИЯ"", ""13. Управителен съвет"": ""Дата на изтичане на мандата: 29.06.2025 г.\nЛЮБЕН МИЛЕНОВ ПАЛОВ, Държава: БЪЛГАРИЯ\nЮСЕИН МЕХМЕД КАЗАЛИ, Държава: БЪЛГАРИЯ\nАХМЕД ДЖЕМАЛОВ КАЛАРЕВ, Държава: БЪЛГАРИЯ\nМОХАРЕМ АХМЕДОВ СПАХИЕВ, Държава: БЪЛГАРИЯ\nЮСЕИН МЕХМЕДОВ ДОДУМОВ, Държава: БЪЛГАРИЯ"", ""15. Контролен съвет"": ""Дата на изтичане на мандата: 29.06.2025 г.\nГЮЛТЕН АБДУЛОВ ТАРАКЧИЕВ, Държава: БЪЛГАРИЯ\nЮМЕР СЕЛИМОВ БАШОВ, Държава: БЪЛГАРИЯ\nАСАН ТЕФИКОВ КАЗАЛИЕВ, Държава: БЪЛГАРИЯ""}"
000003548,https://portal.registryagency.bg/CR/Reports/ActiveConditionTabResult?uic=000003548,"Кооперация """"ПОТРЕБИТЕЛНА КООПЕРАЦИЯ ЕДИНСТВО""""",20.08.2026г.,000003548,12/1989 120,"""ПОТРЕБИТЕЛНА КООПЕРАЦИЯ ЕДИНСТВО""",Кооперация,БЪЛГАРИЯ,"Област: Благоевград, Община: Хаджидимово","гр. Хаджидимово, п.к. 2933",бул./ул. ул.Места № 35,"Покупка на стоки или други вещи с цел да бъдат препродадени в първоначален, преработен или обработен вид; продажба на стоки от собствено производство; търговско представителство и посредничество; комисионни, спедиционни и превозни сделки; външнотърговски сделки; складови сделки; бартерни сделки; лицензионни сделки; лизингови сделки; стоков контрол;сделки с интелектуална собственост; хотелиерски, туристически, рекламни, информационни, програмни, импресарсарски или други услуги ; покупка , строеж или обзавеждане на недвижими имоти с цел продажба взаимоспомагателна дейност за членовете на кооперацията.",,"{""6а. Основна дейност по НКИД"": ""Група по НКИД: 5211\nКлас по НКИД: търговия на дребно в неспециализирани магазини"", ""9. Председател"": ""ЕМИЛ АЛЕКСАНДРОВ МАНАХОВ, Държава: БЪЛГАРИЯ"", ""13. Управителен съвет"": ""Дата на изтичане на мандата: 10.10.2029 г.\nЕМИЛ АЛЕКСАНДРОВ МАНАХОВ, Държава: БЪЛГАРИЯ\nРОСЕН НИКОЛОВ ГАЛОВ, Държава: БЪЛГАРИЯ\nИБРАИМ ИБРАИМОВ ЧАКЪРОВ, Държава: БЪЛГАРИЯ\nКАТЕРИНА БОРИСОВА ПОПОВА, Държава: БЪЛГАРИЯ\nМАРИЯ АНГЕЛОВА ИВАНОВА, Държава: БЪЛГАРИЯ"", ""15. Контролен съвет"": ""Дата на изтичане на мандата: 10.10.2029 г.\nБЛАГОЙ ДИМИТРОВ КЕРЕНЧЕВ, Държава: БЪЛГАРИЯ\nАНГЕЛ ДИМИТРОВ МОСКОВ, Държава: БЪЛГАРИЯ\nВЕЛИЧКА ИВАНОВА КАРАПЕТРОВА, Държава: БЪЛГАРИЯ""}"
000003577,https://portal.registryagency.bg/CR/Reports/ActiveConditionTabResult?uic=000003577,"Кооперация ""ПОТЕРБИТЕЛНА КООПЕРАЦИЯ ""ИСКРА""""",20.08.2026г.,000003577,2/1989 120,"ПОТЕРБИТЕЛНА КООПЕРАЦИЯ ""ИСКРА""",Кооперация,БЪЛГАРИЯ,"Област: Благоевград, Община: Петрич","с. Първомай, п.к. 2890 Телефон: 0878782999",Адрес на електронна поща: pkiskra2890@abv.bg,"ТЪРГОВИЯ С ХРАНИТЕЛНИ И ПРОМИШЛЕНИ СТОКИ, ОБЩЕСТВЕНО ХРАНЕНЕ И ТУРИЗЪМ, ПРОИЗВОДСТВО НА ХЛЯБ И ХЛЕБНИ ИЗДЕЛИЯ, ХЛЕБНИ ИЗДЕЛИЯ, СЛАДКАРСКИ ИЗДЕЛИЯ И ПОЛУФАБРИКАТИ, ИЗВЪРШВАНЕ НА ШИВАШКА ДЕЙНОСТ, ОТДАВАНЕ ПОД НАЕМ НА ДМА; ИЗВЪРШВАНЕ НА АВТОТРАНСПОРТНА ДЕЙНОСТ, ИЗВЪРШВАНЕ НА ТУРИСТИЧЕСКИ, БИТОВИ И ИНФОРМАЦИОННИ УСЛУГИ, ПРОИЗВОДСТВО, ИЗКУПУВАНЕ, ЗАГОТОВКА И РЕАЛИЗАЦИЯ НА СЕЛСКОСТОПАНСКА ПРОДУКЦИЯ, БИЛКИ И ДИВОРАСТЯЩИ ПЛОДОВЕ, ВЪНШНО-ТЪРГОВСКА ДЕЙНОСТ, ВНОС, ИЗНОС, СКЛАДОВО-ЛИЦЕНЗИОННА ДЕЙНОСТ; ИЗВЪРШВАНЕ НА ВЗАИМОСПОМАГАТЕЛНА ДЕЙНОСТ, ЧРЕЗ ВСК НА ЧЛЕНОВЕТЕ НА КООПЕРАЦИЯТА",,"{""4. Изписване на чужд език"": ""POTREBITELNA KOOPERACIA ISKRA"", ""6а. Основна дейност по НКИД"": ""Група по НКИД: 4719\nКлас по НКИД: ТЪРГОВИЯ НА ДРЕБНО В НЕСПЕЦИАЛИЗИРАНИ МАГАЗИНИ С РАЗНООБРАЗНИ СТОКИ"", ""9. Председател"": ""ДИМИТЪР СЛАВЧЕВ ПЕТРОВ, Държава: БЪЛГАРИЯ"", ""13. Управителен съвет"": ""Дата на изтичане на мандата: 26.05.2025 г.\nНачин, по който се определя мандатът: чл.20 от ЗАКОНА НА КООПЕРАЦИИТЕ\nДИМИТЪР СЛАВЧЕВ ПЕТРОВ, Държава: БЪЛГАРИЯ\nИВАН ПЕТРОВ ФИЛИПОВ, Държава: БЪЛГАРИЯ\nЕМИЛ СИМЕОНОВ МИТРЕВ, Държава: БЪЛГАРИЯ\nИВАЙЛО ВАСИЛЕВ ПОПОВ, Държава: БЪЛГАРИЯ\nВИОЛЕТА ГЕОРГИЕВА ТУПАРОВА, Държава: БЪЛГАРИЯ\nВАЛЕРИ БОРИСЛАВОВ ФИЛИПОВ, Държава: БЪЛГАРИЯ\nМАЯ БОРИСОВА СТОИЛОВА, Държава: БЪЛГАРИЯ"", ""13а. Подгласници в управителния съвет"": ""СЛАВЧО ИЛИЕВ СРАДКОВ, Държава: БЪЛГАРИЯ\nДИМИТЪР БОРИСОВ КОВАЧЕВ, Държава: БЪЛГАРИЯ"", ""15. Контролен съвет"": ""Дата на изтичане на мандата: 26.05.2025 г.\nНачин, по който се определя мандатът: ЧЛ.27 ОТ ЗАКОНА ЗА КООПЕРАЦИИТЕ\nАНДОН СТОЯНОВ ХРИСТОВ, Държава: БЪЛГАРИЯ\nИВАН СТЕФАНОВ ГЕОРГИЕВ, Държава: БЪЛГАРИЯ\nАТАНАС АНДОНОВ ЯНЧЕВ, Държава: БЪЛГАРИЯ"", ""15а. Подгласници в контролния съвет"": ""НИКОЛАЙ СЛАВЧЕВ ВЕСЕЛИНСКИ, Държава: БЪЛГАРИЯ\nАНДОН БОРИСОВ МАРКОВ, Държава: БЪЛГАРИЯ"", ""25. Отговорност над дялови вноски"": ""500.00 лв.""}"
000003726,https://portal.registryagency.bg/CR/Reports/ActiveConditionTabResult?uic=000003726,"Кооперация ""ПОТРЕБИТЕЛНА КООПЕРАЦИЯ ""РИЛА ПЛАНИНА""""",20.08.2026г.,000003726,9/1989 120,"ПОТРЕБИТЕЛНА КООПЕРАЦИЯ ""РИЛА ПЛАНИНА""",Кооперация,БЪЛГАРИЯ,"Област: Благоевград, Община: Белица","гр. Белица, п.к. 2780",бул./ул. ВЛАДИМИР ПОПТОМОВ № 74 Адрес на електронна поща: pkrilaplanina@mail.bg,"ПОКУПКА НА СТОКИ ИЛИ ДРУГИ ВЕЩИ С ЦЕЛ ДА БЪДАТ ПРЕПРОДАДЕНИ В ПЪРВОНАЧАЛЕН, ПРЕРАБОТЕН ИЛИ ОБРАБОТЕН ВИД; ПРОДАЖБА НА СТОКИ ОТ СОБСТВЕНО ПРОИЗВОДСТВО; ТЪРГОВСКО ПРЕДСТАВИТЕЛСТВО, ПОСРЕДНИЧЕСТВО; КОМИСИОННИ, СПЕДИЦИОННИ И ПРЕВОЗНИ СДЕЛКИ; ЗАСТРАХОВАТЕЛНИ СДЕЛКИ; ВЪНШНОТЪРГОВСКИ СДЕЛКИ; СКЛАДОВИ СДЕЛКИ; БАРТЕРНИ СДЕЛКИ; ЛИЦЕНЗИОННИ СДЕЛКИ; ЛИЗИНГОВИ СДЕЛКИ; СТОКОВ КОНТРОЛ; СДЕЛКИ С ИНТЕЛЕКТУАЛНА СОБСТВЕНОСТ; ХОТЕЛИЕРСКИ, ТУРИСТИЧЕСКИ, РЕКЛАМНИ, ИНФОРМАЦИОННИ, ПРОГРАМНИ, ИМПРЕСАРСКИ ИЛИ ДРУГИ УСЛУГИ; ПОКУПКА, СТРОЕЖ ИЛИ ОБЗАВЕЖДАНЕ НА НЕДВИЖИМИ ИМОТИ С ЦЕЛ ПРОДАЖБА; ВЗАИМОСПОМАГАТЕЛНА ДЕЙНОСТ ЗА ЧЛЕНОВЕТЕ НА КООПЕРАЦИЯТА..",,"{""5а. Адрес за кореспонденция с НАП на територията на страната"": ""Държава: БЪЛГАРИЯ\nОбласт: Благоевград, Община: Белица\nНаселено място: гр. Белица\nбул./ул. Владимир Поптомов № 74"", ""6а. Основна дейност по НКИД"": ""Група по НКИД: 47.11\nКлас по НКИД: Неспециализирана търговия на дребно предимно с хранителни стоки, напитки и тютюневи изделия"", ""9. Председател"": ""ГЕОРГИ ВАСИЛЕВ МАНОЛОВ, Държава: БЪЛГАРИЯ"", ""13. Управителен съвет"": ""Дата на изтичане на мандата: 18.02.2030 г.\nНачин, по който се определя мандатът: чл.29,ал. 1 от устава на кооперация чл.20, ал.1 от ЗК\nГЕОРГИ ВАСИЛЕВ МАНОЛОВ, Държава: БЪЛГАРИЯ\nНИКОЛИНА ИЛИЕВА МРАЦЕНКОВА, Държава: БЪЛГАРИЯ\nГеорги Петров Сърбинов, Държава: БЪЛГАРИЯ"", ""15. Контролен съвет"": ""Дата на изтичане на мандата: 18.02.2030 г.\nНачин, по който се определя мандатът: чл. 47, ал.1 от устава на кооперция ,чл.27, ал. 1 от ЗК\nТаня Лазарова Иванова, Държава: БЪЛГАРИЯ\nАхмед Исмаилов Мисанков, Държава: БЪЛГАРИЯ\nРадка Иванова Топалова, Държава: БЪЛГАРИЯ""}"
000003808,https://portal.registryagency.bg/CR/Reports/ActiveConditionTabResult?uic=000003808,"Кооперация ""ПОТРЕБИТЕЛНА КООПЕРАЦИЯ ""БРАТСКИ ТРУД""""",20.08.2026г.,000003808,7/1989 120,"ПОТРЕБИТЕЛНА КООПЕРАЦИЯ ""БРАТСКИ ТРУД""",Кооперация,БЪЛГАРИЯ,"Област: Благоевград, Община: Кресна","гр. Кресна, п.к. 2840","бул./ул. МАКЕДОНИЯ № 120 Телефон: 0894309371, Адрес на електронна поща: pk-kresna@b-trust.org","ТЪРГОВИЯ, ПРОИЗВОДСТВО И ПРОДАЖБА НА ХРАНИТЕЛНИ И ПРОМИШЛЕНИ СТОКИ, ВНОС, ИЗНОС, РЕЕКСПОРТ, РАКИЕИЗВАРЯВАНЕ, ПРОИЗВОДСТВО, ИЗКУПУВАНЕ И ПРЕРАБОТКА НА СЕЛСКОСТОПАНСКИ ПРОДУКЦИЯ, БИЛКИ И ДР., УСЛУГИ, ВЗАИМОСПОМАГАТЕЛНА ДЕЙНОСТ, КАКТО И ВСЯКА ДРУГА НЕЗАБРАНЕНА ОТ ЗАКОНА ДЕЙНОСТ, КОЯТО МОЖЕ ДА БЪДЕ ОСЪЩЕСТВЯВАНА ОТ КООПЕРАЦИЯТА В ОБЩ ИНТЕРЕС НА НЕЙНИТЕ ЧЛЕНОВЕ.",,"{""6а. Основна дейност по НКИД"": ""Група по НКИД: 4711\nКлас по НКИД: ТЪРГОВИЯ НА ДРЕБНО С ХРАНИТЕЛНИ СТОКИ, НАПИТКИ, ЦИГАРИ"", ""9. Председател"": ""ЛЮБОМИР БОРИСОВ ЛАЗАРОВ, Държава: БЪЛГАРИЯ"", ""13. Управителен съвет"": ""Дата на изтичане на мандата: 22.03.2027 г.\nНачин, по който се определя мандатът: ЧЛ.20, АЛ. 1 ОТ ЗАКОНА НА КООПЕРАЦИИТЕ ЧЛ.27, АЛ. 1, 2, 3 ОТ УСТАВА НА КООПЕРАЦИЯТА\nЛЮБОМИР БОРИСОВ ЛАЗАРОВ, Държава: БЪЛГАРИЯ\nЛИЛЯНА БОРИСОВА НИКОЛОВА, Държава: БЪЛГАРИЯ\nСНЕЖАНА КИРИЛОВА ВЛАХОВА, Държава: БЪЛГАРИЯ\nГЕОРГИ КРУМОВ КОСТОВ, Държава: БЪЛГАРИЯ\nВЕНЕТА БОРИСОВА ИВАНОВА, Държава: БЪЛГАРИЯ"", ""13а. Подгласници в управителния съвет"": ""КОСТАДИН ИВАНОВ ЗАХАРИЕВ, Държава: БЪЛГАРИЯ\nДАМЯНКА АЛЕКСАНДРОВА ВАНГЕЛОВА, Държава: БЪЛГАРИЯ"", ""15. Контролен съвет"": ""Дата на изтичане на мандата: 22.03.2027 г.\nНачин, по който се определя мандатът: ЧЛ.20,АЛ.1 ОТ ЗАКОНА НА КООПЕРАЦИИТЕ ЧЛ.27,АЛ.1,2,3 ОТ УСТАВА НА КООПЕРАЦИЯТА\nИВАН СТЕФАНОВ СПАСОВ, Държава: БЪЛГАРИЯ\nЗЛАТКА ЗАХАРИЕВА ДИМИТРОВА, Държава: БЪЛГАРИЯ\nВАСИЛКА НИКОЛОВА АТАНАСОВА, Държава: БЪЛГАРИЯ"", ""15а. Подгласници в контролния съвет"": ""ГЕОРГИ МЕТОДИЕВ КАЦАРСКИ, Държава: БЪЛГАРИЯ\nРУЖА АНГЕЛОВА ГЕРДОВА, Държава: БЪЛГАРИЯ""}"
000003822,https://portal.registryagency.bg/CR/Reports/ActiveConditionTabResult?uic=000003822,"Кооперация ""ПОТРЕБИТЕЛНА КООПЕРАЦИЯ ""БИСТРИЦА"""" - Заличен търговец/ЮЛНЦ",20.08.2026г.,,,,,,,,,,,"{""27. Заличаване на търговеца/ЮЛНЦ"": ""Заличен търговец/ЮЛНЦ""}"
000004283,https://portal.registryagency.bg/CR/Reports/ActiveConditionTabResult?uic=000004283,"Кооперация ""ПОТРЕБИТЕЛНА КООПЕРАЦИЯ ""СТРУМЕШНИЦА""""",20.08.2026г.,000004283,13/1989 120,"ПОТРЕБИТЕЛНА КООПЕРАЦИЯ ""СТРУМЕШНИЦА""",Кооперация,БЪЛГАРИЯ,"Област: Благоевград, Община: Петрич","гр. Петрич, п.к. 2850",бул./ул. ул. НИКОЛА ПАРАПАНОВ 2 № 2,"ПОКУПКА НА СТОКИ ИЛИ ДРУГИ ВЕЩИ С ЦЕЛ ДА БЪДАТ ПРЕПРОДАВАНИ В ПЪРВОНАЧАЛЕН, ПРЕРАБОТЕН ИЛИ ОБРАБОТЕН ВИД; ПРОДАЖБА НА СТОКИ ОТ СОБСТВЕНО ПРОИЗВОДСТВО; ПРОИЗВОДСТВО НА ХЛЯБ И ЗАКУСКИ, ПРОИЗВОДСТВО НА МЕСО И МЕСНИ ПРОДУКТИ; АВТОТРАНСПОРТНА ДЕЙНОСТ; ХОТЕЛИЕРСКИ, ТУРИСТИЧЕСКИ, РЕКЛАМНИ И ИНФОРМАЦИОННИ УСЛУГИ; СДЕЛКИ С ИНТЕЛЕКТУАЛНА СОБСТВЕНОСТ; СКЛАДОВИ ЛИЦЕНЗИОННИ СДЕЛКИ; ЛИЗИНГОВИ СДЕЛКИ; ИЗВЪРШВАНЕ НА АДМИНИСТРАТИВНИ УСЛУГИ; БИТОВИ УСЛУГИ; СВИНЕВЪДСТВО И ГОВЕДОВЪДСТВО; ПРОИЗВОДСТВО, ИЗКУПУВАНЕ, ПРЕРАБОТКА И ЗАГОТОВКА НА СЕЛСКОСТОПАНСКА И ЖИВОТИНСКА ПРОДУКЦИЯ; ВЗАИМО-СПОМАГАТЕЛНА КАСА.",,"{""4. Изписване на чужд език"": ""PK STRUMESHNICA"", ""6а. Основна дейност по НКИД"": ""Група по НКИД: 5211\nКлас по НКИД: търговия на дребно с хр. продукти"", ""9. Председател"": ""Даниел Спасов Порлидалиев, Държава: БЪЛГАРИЯ"", ""13. Управителен съвет"": ""Дата на изтичане на мандата: 26.03.2027 г.\nДаниел Спасов Порлидалиев, Държава: БЪЛГАРИЯ\nСтанчо Станчев Станчев, Държава: БЪЛГАРИЯ\nИлия Сашков Узунов, Държава: БЪЛГАРИЯ\nВеличка Методиева Станоева, Държава: БЪЛГАРИЯ\nЮлиян Емилов Янкулов, Държава: БЪЛГАРИЯ\nБлагородна Щерева Влахова, Държава: БЪЛГАРИЯ\nТома Методиев Мурлев, Държава: БЪЛГАРИЯ"", ""15. Контролен съвет"": ""Дата на изтичане на мандата: 26.03.2027 г.\nИлияна Атанасова Илиева, Държава: БЪЛГАРИЯ\nКалина Петрова Андреева, Държава: БЪЛГАРИЯ\nМладен Илчев Трампов, Държава: БЪЛГАРИЯ""}"
000005346,https://portal.registryagency.bg/CR/Reports/ActiveConditionTabResult?uic=000005346,"""ИНЖЕНЕРИНГИНВЕСТ - ПЕТРИЧ"" ЕООД - Заличен търговец/ЮЛНЦ",20.08.2026г.,,,,,,,,,,,"{""27. Заличаване на търговеца/ЮЛНЦ"": ""Заличен търговец/ЮЛНЦ""}"
000006099,https://portal.registryagency.bg/CR/Reports/ActiveConditionTabResult?uic=000006099,"""ДОЛЕКС"" ООД",20.08.2026г.,000006099,31738/1992 110,ДОЛЕКС,Дружество с ограничена отговорност,БЪЛГАРИЯ,"Област: София (столица), Община: Столична","гр. София, п.к. 1784","р-н Младост, ж.к. Младост 1, бл. 40, вх. 2, ап. 58","ПРОИЗВОДСТВО НА СКАЛОРАЗРУШАВАЩИ И РЕЖЕЩИ ИНСТРУМЕНТИ, МАШИНИ, ОБОРУДВАНЕ, КОМПЛЕКТУВАЩИ ДЕТАЙЛИ, ВЪЗЛИ И РЕЗЕРВНИ ЧАСТИ, ПРОВЕЖДАНЕ НА РЕМОНТНИ РАБОТИ И ОКАЗВАНЕ НА СЕРВИЗНИ УСЛУГИ ЗА ПРОИЗВЕЖДАНИЯ ИНСТРУМЕНТ, МАШИНИ, ОБОРУДВАНЕ, КОМПЛЕКТУВАЩИ ДЕТАЙЛИ, ВЪЗЛИ И РЕЗЕРВНИ ЧАСТИ, ОСЪЩЕСТВЯВАНЕ НА НАУЧНО-ПРОИЗВОДСТВЕНА ДЕЙНОСТ, ПРОДАЖБА НА ПРОДУКЦИЯТА, ПАТЕНТОВАНЕ, ЛИЦЕНЗИРАНЕ, НАУЧНО И НАУЧНО-ПРОИЗВОДСТВЕНА ПРОДУКЦИЯ, НОУ-ХАУ И ПРИДОБИВАНЕ НА ЛИЦЕНЗИИ, ПРОИЗВОДСТВО НА ОСНОВНИ И СПОМАГАТЕЛНИ МАТЕРИАЛИ И СЪОРЪЖЕНИЯ НЕОБХОДИМИ ЗА ОСЪЩЕСТВЯВАНЕ НА ДЕЙНОСТТА СИ, ПРОИЗВОДСТВО И ТЪРГОВИЯ С МЕСТНИ И ВНОСНИ СУРОВИНИ, МАТЕРИАЛИ, ИНСТРУМЕНТИ, МАШИНИ, ОБОРУДВАНЕ, КОМПЛЕКТУВАЩИ ДЕТАЙЛИ, ВЪЗЛИ И РЕЗЕРВНИ ЧАСТИ, ОКАЗВАНЕ НА ИНЖЕНЕРИНГОВИ, ТРАНСПОРТНИ, ХОЛДИНГОВИ, ЛИЗИНГОВИ, АГЕНТСКИ УСЛУГИ НА ТЕРИТОРИЯТА НА РЕПУБЛИКА БЪЛГАРИЯ И ДРУГИ СТРАНИ, ИЗВЪРШВАНЕ НА ТЪРГОВСКИ, ЕСКПОРТНО-ИМПОРТНИ ОПЕРАЦИИ, ПРОИЗВОДСТВО НА СТОКИ ЗА НАСЕЛЕНИЕТО, ХУДОЖЕСТВЕНИ ИЗДЕЛИЯ, ОРГАНИЗИРАНЕ НА БИТОВО-ПРИЛОЖНО ИЗКУСТВО, ОРГАНИЗИРАНЕ НА МЕЖДУНАРОДЕН ТУРИЗЪМ, ИЗЛОЖБИ, СИМПОЗИУМИ И ОСЪЩЕСТВЯВАНЕ ДЕЙНОСТИ, СВЪРЗАНИ С ТОВА.",,"{""7. Управители"": ""САШКО СТЕФАНОВ МИХАЙЛОВ, Държава: БЪЛГАРИЯ"", ""19. Съдружници"": ""САШКО СТЕФАНОВ МИХАЙЛОВ, Държава: БЪЛГАРИЯ\nИВАН НИКОЛОВ БОЯДЖИЕВ, Държава: БЪЛГАРИЯ\nНАДЯ ДИМИТРОВА МОЛЛОВА, Държава: БЪЛГАРИЯ"", ""31. Размер"": ""3834.69 €"", ""32. Внесен капитал"": ""3834.69 €""}"
000008564,https://portal.registryagency.bg/CR/Reports/ActiveConditionTabResult?uic=000008564,"Кооперация ""ТПК ""СИЛА""""",20.08.2026г.,000008564,10/1991 120,"ТПК ""СИЛА""",Кооперация,БЪЛГАРИЯ,"Област: Благоевград, Община: Благоевград","гр. Благоевград, п.к. 2700",бул./ул. ТОДОР АЛЕКСАНДРОВ № 14 Телефон: 0889018238,"ПPOИЗBOДCTBO И РЕАЛИЗАЦИЯ НА ДЮШЕЦИ,ЮРГАНИ,ВЪЗГЛАВНИЦИ,СПАЛНИ КОМПЛЕКТИ,СПАЛНО БЕЛЬО,ИЗВЪРШВАНЕ НА ШИВАШКИ УСЛУГИ,ВНОС,ИЗНОС,ТЪРГОВИЯ С ХПРАНИТЕЛНИ ПРОМИШЛЕНИ СТОКИ,ТРАНСПОРТНА ДЕЙНОСТ В СТРАНАТА И ЧУЖБИНА.",,"{""4. Изписване на чужд език"": ""TPK SILA"", ""6а. Основна дейност по НКИД"": ""Група по НКИД:\nКлас по НКИД: ПРОИЗВОДСТВО НА ДЮШЕЦИ И ЮРГАНИ"", ""9. Председател"": ""ВИКТОРИЯ ГЕОРГИЕВА МЕХАНДЖИЙСКА, Държава: БЪЛГАРИЯ"", ""13. Управителен съвет"": ""Дата на изтичане на мандата: 11.02.2023 г.\nНачин, по който се определя мандатът: СЪГЛАСНО УСТАВ /4/ГОДИНИ\nВИКТОРИЯ ГЕОРГИЕВА МЕХАНДЖИЙСКА, Държава: БЪЛГАРИЯ\nХРИСТЕНА АЛЕКСАНДРОВА ЗЛАТКОВА, Държава: БЪЛГАРИЯ\nЕЛЕНА АТАНАСОВА КРЪСТЕВА, Държава: БЪЛГАРИЯ"", ""15. Контролен съвет"": ""Дата на изтичане на мандата: 11.02.2023 г.\nИВАНКА ГЕНЧЕВА КРЪСТЕВА, Държава: БЪЛГАРИЯ\nЙОРДАНКА ГЕОРГИЕВА ГЪЛЪБОВА, Държава: БЪЛГАРИЯ""}"
000010222,https://portal.registryagency.bg/CR/Reports/ActiveConditionTabResult?uic=000010222,"Кооперация ""ТРУДОВО-ПРОИЗВОДИТЕЛНА КООПЕРАЦИЯ НОВАСТА-92""",20.08.2026г.,000010222,1764/1992 120,ТРУДОВО-ПРОИЗВОДИТЕЛНА КООПЕРАЦИЯ НОВАСТА-92,Кооперация,БЪЛГАРИЯ,"Област: Благоевград, Община: Благоевград","гр. Благоевград, п.к. 2700",бул./ул. ул. ТОДОР АЛЕКСАНДРОВ 92,"ИЗBЪPШBA OCHOBHИ PEMOHTИ HA BCИЧKИ BИДOBE TEЛEBИЗOPИ; ИЗBЬPШBA TEKУЩИ PEMOHTИ HA BCИЧKИ BИДOBE TEЛEBИЗOPИ, KAKTO И AБOHAMEHTHO ПOДДЪPЖАHE HA CЬЩИTE; ИЗBЬPШBA PEMOHTИ HA BCИЧKИ BИДOBE PAДИOAПAPATИ И KACETOФOHИ; TЬPГOBCKA ДEЙHOCT- BЪTPEШHA И BЪHШHA; TPAHCПOPTHA ДEЙHOCT- BЪTPEШHA И BЪHШHA",,"{""9. Председател"": ""Лазар Георгиев Бекярски, Държава: БЪЛГАРИЯ"", ""13. Управителен съвет"": ""Дата на изтичане на мандата: 26.10.2021 г.\nНИКОЛА ДИМИТРОВ НОВАКОВ, Държава: БЪЛГАРИЯ\nГЕОРГИ БЛАГОЕВ МОМЧИЛОВ, Държава: БЪЛГАРИЯ\nЛАЗАР ГЕОРГИЕВ БЕКЯРСКИ, Държава: БЪЛГАРИЯ"", ""15. Контролен съвет"": ""Дата на изтичане на мандата: 26.10.2021 г.\nРУМЕН СПАСОВ ЯНЕВ, Държава: БЪЛГАРИЯ\nДимитър Страхилов Джабиров, Държава: БЪЛГАРИЯ""}"
000010311,https://portal.registryagency.bg/CR/Reports/ActiveConditionTabResult?uic=000010311,"""КОМПЛЕКСНА ОПИТНА СТАНЦИЯ - САНДАНСКИ"" ООД",20.08.2026г.,000010311,1077/2001 120,КОМПЛЕКСНА ОПИТНА СТАНЦИЯ - САНДАНСКИ,Дружество с ограничена отговорност,БЪЛГАРИЯ,"Област: Благоевград, Община: Сандански","гр. Сандански, п.к. 2800","бул./ул. ПРОМИШЛЕНА ЗОНА Телефон: 35974639008, Адрес на електронна поща: office@sinticawinery.com","CEЛEKЦИЯ И ИЗПИTBAHE HA HOBИ COPTOBE, PAЗPAБOTBAHE HA TEXHOЛOГИИ ЗA OTГЛEЖДAHETO ИM, ЗAПAЗBAHE И OБOГATЯBAHE HA PACTИTEЛHИЯ ГEHOФOHД, KOHCУЛTAHTCKA ДEЙHOCT B ЗEMEДEЛCKOTO ПPOИЗBOДCTBO, ПPOИЗBOДCTBO И KOHTPOЛ HA CEPTИФИЦИPAHA CEMEHИ ,ЛOЗOB И OBOЩEH ПOCAДЪЧEH MATEPИAЛ, ДEKOPATИBHИ XPACTИ, ПPOИЗBOДCTBO И TЪPГOBИЯ C ПЛOДOBE, ЗEЛEHЧУЦИ, PИБA, TOPOBE, PACTИTEЛHOЗAЩИTHИ ПPEПAPATИ ,ИЗBЪPШBAHE HA MEXAHИЗИPAHИ УCЛУГИ, OЦEHЯBAHE HA ЗEMEДEЛCKИ KУЛTУPИ, BEЩИ ЛИЦA B ЗACTPAXOBATEЛHИ И APБИTPAЖHИ KOMИCИИ, ДИCTPИБУЦИЯ, BЪTPEШHO И BЪHШHOTЪPГOBCKA ДEЙHOCT C PACTИTEЛHOЗAЩИTHИ И BETEPИHAPHO- MEДИЦИHCKИ ПPEПAPATИ, TOPOBE, БИOПPOДУKTИ, ИHCTPУMEHTAPИУM, PACTИTEЛHA ПPOДУKЦИЯ, OTДABAHE HA ПOMEЩEHИЯ ПOД HAEM, PEKЛAMHA ДEЙHOCT, CЪBMECTHA ДEЙHOCT C ДPУГИ ФИPMИ, OPГAHИЗAЦИИ И ЧACTHИ ЛИЦA, ПPOИЗBOДCTBO И ПPEPAБOTKA HA CEЛCKOCTOПAHCKA ПPOДУKЦИЯ OT PACTИTEЛEH ПPOИЗXOД C ЦEЛ ПPOДAЖБA B CTPAHATA И ЧУЖБИHA B ПЪPBOHAЧAЛEH, ПPEPAБOTEH ИЛИ OБPAБOTEH BИД; PИБOBЪДCTBO; ПPOДAЖБA HA PИБA И PИБHИ ПPOДУKTИ; ПPOИЗBOДCTBO И ПPOДAЖБA HA BИHEHO ГPOЗДE, BИHO И ДPУГИ ПPOДУKTИ OT ГPOЗДE И BИHO, CЛEД HAДЛEЖHO BПИCBAHE B PEГИCTЪPA ПPИ HAЦИOHAЛHATA ЛOЗAPO - BИHAPCKA KAMAPA; ПPOИЗBOДCTBO И ПPOДAЖБA HA CПИPT, ДECTИЛATИ И CПИPTHИ HAПИTKИ, CЛEД CHAБДЯBAHE C ЛИЦEHЗИЯ ЗA TAKABA ДEЙHOCT; ПOKУПKA HA XPAHИTEЛHИ ПPOДУKTИ И ДPУГИ CTOKИ ИЛИ ДPУГИ BEЩИ C ЦEЛ ПPEПPOДAЖБA B ПЪPBOHAЧAЛEH, ПPEPAБOTEH ИЛИ OБPAБOTEH BИД; KOMИCИOHHИ, CПEДИЦИOHHИ И ПPEBOЗHИ CДEЛKИ; TPAHCПOPTHИ И ABTOPEMOHTHИ УCЛУГИ; CKЛAДOBИ CДEЛKИ; ЛИЦEHЗИOHHИ CДEЛKИ; CTOKOB KOHTPOЛ; CДEЛKИ C ИHTEЛEKTУAЛHA COБCTBEHOCT; PECTOPAHTЬOPCKИ, XOTEЛИEPCKИ, TУPИCTИЧECKИ, PEKЛAMHИ, ИHФOPMAЦИOHHИ УCЛУГИ; TЪPГOBCKO ПPEДCTABИTEЛCTBO И ПOCPEДHИЧECTBO; ПOKУПKA, CTPOEЖ, OБЗABEЖДAHE HA HEДBИЖИMИ ИMOTИ C ЦEЛ ПPOДAЖБA; ЛИЗИHГ.",,"{""4. Изписване на чужд език"": ""KOMPLEKSNA OPITNA STANCIA - SANDANSKI"", ""5а. Адрес за кореспонденция с НАП на територията на страната"": ""Държава: БЪЛГАРИЯ\nОбласт: Благоевград, Община: Сандански\nНаселено място: гр. Сандански, п.к. 2800\nбул./ул. ПРОМИШЛЕНА ЗОНА"", ""6а. Основна дейност по НКИД"": ""Група по НКИД: 11.02\nКлас по НКИД: Производство на вина от грозде"", ""7. Управители"": ""Гергана Иванова Кочева-Петрова, Държава: БЪЛГАРИЯ\nСотир Георгиев Батев, Държава: БЪЛГАРИЯ\nИван Бориславов Гиздавков, Държава: БЪЛГАРИЯ"", ""11. Начин на представляване"": ""заедно"", ""19. Съдружници"": ""\""С.И.П. - ЕКСПРЕС\"" ООД, ЕИК/ПИК 101041182, Размер на дяловото участие: 330420.00 лв.\nСОТИР ГЕОРГИЕВ БАТЕВ, Държава: БЪЛГАРИЯ, Размер на дяловото участие: 36710.00 лв.\nИВАН БОРИСЛАВОВ ГИЗДАВКОВ, Държава: БЪЛГАРИЯ, Размер на дяловото участие: 36710.00 лв.\nГЕРГАНА ИВАНОВА КОЧЕВА - ПЕТРОВА, Държава: БЪЛГАРИЯ, Размер на дяловото участие: 27540.00 лв.\nДАНАИЛ ПЕТРОВ ПЕТРОВ, Държава: БЪЛГАРИЯ, Размер на дяловото участие: 9180.00 лв."", ""31. Размер"": ""225254.75 €"", ""32. Внесен капитал"": ""225254.75 €""}"
